time,location1,location2,location3,location4,location5,location6,location7,location8,location9,location10,location11,location12,location13,location14,location15,location16,location17,location18,location19
2020-04-06T00:00:00,0,1,1,2,0,0,0,1,0,0,0,0,0,0,1,0,1,1,0
2020-04-06T00:05:00,0,1,0,0,1,1,0,5,0,0,0,0,1,1,1,0,0,0,1
2020-04-06T00:10:00,0,1,1,2,1,3,0,0,0,0,0,1,0,0,0,0,0,1,1
2020-04-06T00:15:00,0,0,1,0,0,1,0,4,0,0,0,1,0,0,0,0,0,0,0
2020-04-06T00:20:00,0,0,1,0,0,1,0,0,0,0,0,0,0,0,1,1,0,0,0
2020-04-06T00:25:00,0,0,2,0,0,1,0,2,0,0,0,0,0,0,2,0,1,0,0
2020-04-06T00:30:00,0,0,0,1,0,0,0,0,0,0,0,0,0,0,0,0,0,1,1
2020-04-06T00:35:00,1,2,2,0,0,0,0,0,1,0,0,0,0,0,0,0,1,0,0
2020-04-06T00:40:00,0,2,2,0,2,2,0,0,0,0,0,0,0,0,0,0,0,0,1
2020-04-06T00:45:00,0,2,0,0,0,1,0,1,1,0,0,0,0,0,0,0,0,0,0
2020-04-06T00:50:00,0,1,1,0,1,0,0,0,1,0,0,0,0,2,1,0,0,0,1
2020-04-06T00:55:00,0,1,0,1,0,1,0,0,0,0,0,0,0,1,4,0,0,0,1
2020-04-06T01:00:00,0,0,1,0,0,2,0,0,2,0,0,1,0,2,1,0,0,0,0
2020-04-06T01:05:00,0,2,0,0,0,1,0,0,1,0,1,1,0,0,1,0,0,0,0
2020-04-06T01:10:00,0,0,2,0,0,2,0,1,1,0,0,0,1,0,0,2,0,0,0
2020-04-06T01:15:00,0,1,1,0,0,3,0,4,1,0,0,0,2,1,0,0,0,1,0
2020-04-06T01:20:00,1,1,1,0,0,0,0,0,1,0,1,0,0,0,1,0,0,0,0
2020-04-06T01:25:00,1,0,0,0,0,0,0,0,1,0,0,1,0,2,0,0,0,1,0
2020-04-06T01:30:00,0,0,1,0,0,1,0,0,0,0,1,0,0,0,0,0,0,0,1
2020-04-06T01:35:00,1,0,0,0,1,1,0,0,0,0,1,1,0,0,0,0,0,1,0
2020-04-06T01:40:00,0,1,2,0,0,0,0,0,0,1,0,0,0,0,2,0,0,0,0
2020-04-06T01:45:00,0,2,2,0,0,0,0,1,0,0,0,0,0,0,0,0,0,0,0
2020-04-06T01:50:00,0,1,2,0,1,0,0,3,1,0,0,0,0,0,0,0,0,0,1
2020-04-06T01:55:00,0,1,0,0,0,0,0,2,4,0,0,0,0,0,2,0,0,1,0
2020-04-06T02:00:00,1,0,0,0,0,0,0,0,0,0,0,0,0,0,0,0,0,0,1
2020-04-06T02:05:00,0,2,0,1,0,0,0,0,1,0,2,0,0,1,2,0,0,0,0
2020-04-06T02:10:00,0,1,1,0,0,1,0,2,0,0,0,0,0,0,1,0,0,0,0
2020-04-06T02:15:00,2,0,0,0,0,2,0,1,0,1,0,0,1,0,1,0,0,1,0
2020-04-06T02:20:00,1,1,2,0,0,2,0,0,1,0,0,1,0,0,0,0,0,0,0
2020-04-06T02:25:00,2,0,1,1,0,0,0,0,0,1,1,0,0,1,0,0,0,0,1
2020-04-06T02:30:00,1,0,1,0,0,0,0,1,1,0,0,1,0,0,0,0,0,0,1
2020-04-06T02:35:00,0,0,0,1,0,2,0,4,2,0,0,0,0,0,1,0,0,0,1
2020-04-06T02:40:00,0,1,1,0,0,1,0,1,1,0,0,0,0,1,0,1,0,0,0
2020-04-06T02:45:00,0,2,0,0,0,1,0,0,0,0,1,0,0,0,1,0,0,0,1
2020-04-06T02:50:00,0,0,0,0,1,2,0,1,2,1,1,0,0,0,3,0,0,0,0
2020-04-06T02:55:00,0,1,0,0,0,1,0,0,2,0,1,1,0,0,1,1,0,0,0
2020-04-06T03:00:00,1,3,1,0,1,1,0,1,0,0,1,1,0,1,1,0,0,0,1
2020-04-06T03:05:00,1,1,2,0,0,2,0,1,1,0,0,0,0,0,0,0,0,0,0
2020-04-06T03:10:00,0,1,0,0,0,2,0,0,0,0,0,0,0,1,1,0,0,1,0
2020-04-06T03:15:00,0,1,0,0,0,1,0,2,1,0,0,0,0,0,1,0,0,1,0
2020-04-06T03:20:00,0,1,0,0,0,1,0,1,0,1,0,0,0,0,1,0,0,0,0
2020-04-06T03:25:00,0,1,0,0,1,2,0,0,0,0,0,0,0,0,0,0,0,0,0
2020-04-06T03:30:00,0,1,0,0,0,1,0,0,0,0,0,0,0,0,0,0,0,0,0
2020-04-06T03:35:00,0,1,2,0,0,0,0,0,2,0,0,1,0,0,1,1,0,0,0
2020-04-06T03:40:00,0,1,0,0,1,1,0,2,1,0,0,0,0,0,0,1,0,0,1
2020-04-06T03:45:00,0,0,1,1,2,0,0,1,1,0,0,0,0,0,2,0,0,0,0
2020-04-06T03:50:00,1,1,0,0,0,2,0,1,0,0,0,0,0,1,0,0,0,1,0
2020-04-06T03:55:00,0,0,0,0,0,1,0,2,0,0,0,0,0,0,1,0,0,0,0
2020-04-06T04:00:00,0,1,0,0,0,4,0,2,0,0,1,0,0,0,0,0,0,0,1
2020-04-06T04:05:00,0,1,1,0,0,1,0,2,1,0,0,0,0,1,1,0,0,1,0
2020-04-06T04:10:00,0,0,0,0,0,0,0,4,1,0,0,0,0,0,1,1,1,0,0
2020-04-06T04:15:00,1,2,0,1,3,1,0,2,1,0,0,0,0,1,0,0,0,0,0
2020-04-06T04:20:00,0,0,0,0,0,2,0,0,1,0,0,0,0,0,1,0,0,0,1
2020-04-06T04:25:00,0,1,0,1,0,2,0,1,0,0,0,0,0,1,1,0,0,0,0
2020-04-06T04:30:00,0,0,0,0,0,1,0,2,2,1,0,0,0,1,1,0,0,0,0
2020-04-06T04:35:00,0,1,0,0,0,0,0,1,0,0,0,0,0,1,2,0,0,0,0
2020-04-06T04:40:00,1,1,0,0,0,0,0,0,0,0,0,0,0,0,1,0,0,0,1
2020-04-06T04:45:00,0,0,0,0,1,1,0,1,0,0,0,0,0,0,1,0,0,0,0
2020-04-06T04:50:00,0,0,0,0,1,0,0,0,0,0,0,0,0,1,1,0,0,1,0
2020-04-06T04:55:00,0,0,0,0,0,0,0,1,2,0,0,0,0,1,0,0,0,0,0
2020-04-06T05:00:00,0,2,0,0,0,0,0,0,0,0,0,0,0,0,1,0,0,0,1
2020-04-06T05:05:00,0,2,0,0,1,1,0,0,0,0,0,0,0,0,1,0,0,0,0
2020-04-06T05:10:00,0,1,0,0,0,4,0,0,0,0,0,1,0,0,1,1,0,0,0
2020-04-06T05:15:00,0,1,0,1,1,0,0,1,0,1,0,0,0,0,1,1,0,1,0
2020-04-06T05:20:00,1,1,2,0,0,2,0,3,0,0,0,1,0,1,1,0,0,1,0
2020-04-06T05:25:00,0,0,0,1,0,0,0,0,2,0,1,0,0,0,1,0,0,1,0
2020-04-06T05:30:00,0,1,1,0,1,1,0,0,0,0,0,0,0,0,1,0,0,1,0
2020-04-06T05:35:00,0,0,1,0,0,2,0,1,1,0,0,0,0,0,1,0,0,0,1
2020-04-06T05:40:00,0,0,3,0,1,1,0,0,1,0,0,0,0,0,1,2,1,0,0
2020-04-06T05:45:00,0,0,2,0,1,1,1,1,3,0,0,0,0,1,1,0,0,0,0
2020-04-06T05:50:00,0,0,0,0,0,0,0,1,0,0,0,0,0,0,2,0,0,1,0
2020-04-06T05:55:00,0,1,0,1,1,2,0,0,1,0,0,0,0,1,1,1,0,1,0
2020-04-06T06:00:00,0,1,1,0,0,0,0,2,0,0,0,1,0,1,0,0,0,0,2
2020-04-06T06:05:00,0,0,0,0,0,2,0,1,1,0,0,0,0,1,0,1,0,0,0
2020-04-06T06:10:00,0,0,4,0,0,3,0,3,1,0,1,0,0,0,3,1,0,0,1
2020-04-06T06:15:00,0,1,1,0,0,2,0,1,1,1,0,0,0,2,0,0,0,0,1
2020-04-06T06:20:00,0,0,0,0,0,0,0,1,0,0,0,0,0,0,0,1,0,0,0
2020-04-06T06:25:00,1,1,2,0,1,0,0,0,1,0,0,0,0,0,2,1,0,0,0
2020-04-06T06:30:00,1,1,1,0,2,2,0,0,0,1,0,0,1,0,2,1,0,0,0
2020-04-06T06:35:00,0,0,1,0,0,0,0,2,0,1,0,0,0,1,1,0,0,0,0
2020-04-06T06:40:00,1,1,1,0,0,0,0,0,1,0,0,1,0,0,1,0,1,0,0
2020-04-06T06:45:00,0,0,0,0,0,1,0,1,1,0,0,0,0,0,1,1,0,0,0
2020-04-06T06:50:00,1,0,0,1,0,1,0,1,0,0,0,0,0,0,2,0,0,1,0
2020-04-06T06:55:00,0,0,0,0,1,1,0,1,2,1,0,0,0,0,1,0,0,0,1
2020-04-06T07:00:00,1,2,1,0,1,1,1,1,3,0,0,0,0,0,1,0,0,0,0
2020-04-06T07:05:00,0,1,0,0,0,1,0,2,1,1,0,0,1,0,1,0,0,0,0
2020-04-06T07:10:00,0,0,1,1,0,1,0,2,2,0,0,1,0,1,0,0,3,1,3
2020-04-06T07:15:00,1,1,2,0,0,1,0,1,1,1,0,0,0,1,2,0,0,0,0
2020-04-06T07:20:00,0,1,2,1,0,1,0,1,1,0,0,0,0,0,0,1,1,0,0
2020-04-06T07:25:00,0,2,2,0,0,2,0,0,1,0,1,1,0,2,1,0,0,0,0
2020-04-06T07:30:00,0,0,0,0,0,2,0,1,1,0,0,0,0,1,1,0,0,0,3
2020-04-06T07:35:00,0,1,1,0,0,1,0,0,2,1,0,0,0,0,5,1,0,0,0
2020-04-06T07:40:00,2,0,0,0,0,2,0,1,0,0,0,0,0,1,1,0,0,0,0
2020-04-06T07:45:00,0,0,0,0,0,2,0,2,0,1,0,0,1,0,0,1,1,0,0
2020-04-06T07:50:00,0,0,1,0,0,0,0,0,0,0,0,2,0,2,2,0,0,0,1
2020-04-06T07:55:00,0,0,0,0,0,2,0,0,1,1,0,0,0,0,1,1,0,0,3
2020-04-06T08:00:00,0,0,3,1,0,0,0,1,0,0,0,0,1,0,0,0,0,0,0
2020-04-06T08:05:00,1,0,0,0,0,0,0,3,1,0,0,0,0,1,0,0,0,0,0
2020-04-06T08:10:00,0,3,2,1,0,1,0,1,0,0,0,0,0,1,0,0,0,0,0
2020-04-06T08:15:00,0,1,0,0,1,0,0,0,1,0,1,0,0,0,1,1,0,0,0
2020-04-06T08:20:00,1,1,4,0,0,0,0,0,1,0,0,0,0,1,0,0,0,0,0
2020-04-06T08:25:00,0,2,3,0,0,2,0,1,1,0,0,0,1,0,1,1,1,1,0
2020-04-06T08:30:00,1,0,0,0,1,2,0,1,0,2,0,0,1,1,0,0,0,1,0
2020-04-06T08:35:00,0,0,1,0,0,1,0,1,1,1,0,0,1,1,1,0,0,0,0
2020-04-06T08:40:00,0,2,1,0,0,0,0,1,2,0,0,0,0,1,1,0,1,1,0
2020-04-06T08:45:00,0,1,1,0,1,1,0,2,0,0,0,0,0,0,1,0,0,2,1
2020-04-06T08:50:00,0,1,0,0,1,0,0,0,3,1,0,0,0,0,3,0,0,0,1
2020-04-06T08:55:00,0,0,0,0,0,1,0,1,1,0,0,0,0,0,0,0,0,1,0
2020-04-06T09:00:00,0,0,0,0,1,0,0,0,0,0,0,0,0,2,0,0,1,0,1
2020-04-06T09:05:00,0,1,1,0,1,1,0,1,2,0,0,1,0,0,0,0,1,0,0
2020-04-06T09:10:00,0,1,1,0,1,1,0,0,1,1,1,1,0,1,1,0,0,2,0
2020-04-06T09:15:00,1,1,1,0,0,0,0,2,1,0,0,0,0,0,1,0,0,0,2
2020-04-06T09:20:00,0,1,1,0,0,3,0,0,1,0,0,0,0,1,2,0,1,1,0
2020-04-06T09:25:00,0,1,1,0,0,0,0,0,0,0,0,0,1,0,2,0,0,0,0
2020-04-06T09:30:00,0,1,0,0,0,0,1,1,3,0,0,1,0,0,1,0,0,0,0
2020-04-06T09:35:00,1,1,0,0,0,0,0,2,2,0,0,0,1,0,3,1,0,1,0
2020-04-06T09:40:00,0,1,1,1,0,1,0,0,0,0,0,0,0,0,0,1,0,0,0
2020-04-06T09:45:00,1,0,0,0,0,1,0,1,1,0,0,0,0,0,4,0,0,0,0
2020-04-06T09:50:00,0,1,1,0,1,1,0,1,1,0,0,0,0,1,2,0,0,1,0
2020-04-06T09:55:00,0,1,1,0,0,1,0,0,0,0,0,1,1,0,1,0,0,1,0
2020-04-06T10:00:00,1,1,1,1,0,0,0,1,2,1,0,0,0,0,2,1,0,0,0
2020-04-06T10:05:00,0,0,0,0,0,0,0,0,1,0,0,0,0,0,0,1,0,0,0
2020-04-06T10:10:00,0,1,1,0,0,0,0,1,0,0,0,0,0,1,1,0,1,1,0
2020-04-06T10:15:00,0,1,0,0,1,0,0,0,0,0,0,0,0,0,0,1,0,2,1
2020-04-06T10:20:00,0,0,0,0,0,1,0,1,2,0,0,0,0,0,1,2,2,0,0
2020-04-06T10:25:00,1,0,0,0,0,1,0,1,1,1,0,0,0,0,2,2,0,1,0
2020-04-06T10:30:00,0,0,1,0,0,2,0,0,2,1,0,0,0,0,0,1,0,0,0
2020-04-06T10:35:00,0,0,1,0,0,2,0,0,0,1,0,1,0,0,1,0,0,0,0
2020-04-06T10:40:00,0,0,0,0,0,3,0,1,1,0,0,0,0,0,3,0,1,0,0
2020-04-06T10:45:00,1,1,1,0,0,0,0,1,0,0,0,0,0,1,1,1,0,1,0
2020-04-06T10:50:00,0,0,0,0,0,1,0,0,1,0,0,1,0,2,2,0,0,0,0
2020-04-06T10:55:00,0,3,0,0,0,1,0,0,0,1,0,0,0,0,1,0,0,0,0
2020-04-06T11:00:00,0,0,0,0,1,2,0,1,0,1,1,0,0,0,1,1,1,1,1
2020-04-06T11:05:00,0,3,1,0,0,0,0,1,0,0,0,1,0,2,2,0,0,0,0
2020-04-06T11:10:00,0,2,1,0,0,0,0,0,1,0,0,0,0,0,1,0,0,0,1
2020-04-06T11:15:00,1,1,2,0,0,0,0,0,2,0,0,1,0,0,1,1,0,0,0
2020-04-06T11:20:00,0,1,0,0,0,2,0,2,0,0,0,0,0,0,1,0,1,0,2
2020-04-06T11:25:00,0,0,0,0,0,3,0,0,1,1,0,0,0,0,1,1,0,0,0
2020-04-06T11:30:00,1,0,1,0,1,0,0,1,0,0,0,1,0,0,1,0,0,0,0
2020-04-06T11:35:00,0,2,0,0,1,0,0,1,0,0,0,1,0,0,2,0,0,0,1
2020-04-06T11:40:00,1,0,1,0,0,1,0,2,1,0,0,0,0,1,1,0,0,0,0
2020-04-06T11:45:00,1,2,1,0,0,0,0,1,1,1,0,0,1,1,0,1,0,1,0
2020-04-06T11:50:00,0,1,1,0,0,1,0,2,0,0,0,0,0,1,2,0,1,0,0
2020-04-06T11:55:00,0,0,1,0,0,0,0,0,0,0,0,1,1,0,3,1,0,0,0
2020-04-06T12:00:00,2,0,0,0,0,0,0,1,0,1,0,0,0,1,0,0,0,0,0
2020-04-06T12:05:00,0,1,0,1,0,0,0,2,1,1,0,2,0,1,0,0,0,0,0
2020-04-06T12:10:00,0,0,1,0,1,0,0,2,0,0,0,0,0,0,2,0,0,0,0
2020-04-06T12:15:00,1,2,0,0,1,4,0,2,0,0,0,0,0,1,0,0,0,1,0
2020-04-06T12:20:00,0,0,0,0,1,1,0,2,1,0,0,1,0,0,2,0,0,0,0
2020-04-06T12:25:00,0,1,2,0,0,2,0,3,1,0,0,0,0,0,1,1,1,1,0
2020-04-06T12:30:00,0,1,1,0,0,0,0,1,2,0,0,0,0,0,1,1,0,0,1
2020-04-06T12:35:00,0,1,1,0,0,1,0,2,1,0,0,1,0,1,0,0,1,0,0
2020-04-06T12:40:00,0,0,0,0,0,1,0,2,0,0,0,1,0,0,0,0,0,0,0
2020-04-06T12:45:00,0,1,1,0,0,1,0,1,0,1,0,0,0,0,0,0,0,0,0
2020-04-06T12:50:00,0,0,1,0,1,0,0,1,0,0,0,0,0,0,0,0,0,0,1
2020-04-06T12:55:00,0,1,2,0,1,4,0,0,0,0,0,0,0,2,1,0,0,0,0
2020-04-06T13:00:00,0,0,1,0,0,1,0,1,0,0,0,0,0,0,2,2,0,0,0
2020-04-06T13:05:00,0,0,0,0,0,1,0,0,0,0,0,0,0,0,1,1,0,0,0
2020-04-06T13:10:00,0,0,1,0,0,0,0,1,1,1,0,1,1,0,0,0,1,0,1
2020-04-06T13:15:00,1,0,0,0,0,2,0,1,0,1,0,1,0,0,2,0,1,0,0
2020-04-06T13:20:00,0,0,2,0,2,0,1,2,2,0,0,0,0,1,0,1,1,1,1
2020-04-06T13:25:00,0,0,4,0,0,0,0,1,1,0,0,0,0,0,2,1,0,0,0
2020-04-06T13:30:00,0,2,1,0,0,0,0,0,0,0,1,0,0,0,1,0,0,2,0
2020-04-06T13:35:00,0,0,0,0,0,3,0,6,0,0,0,0,0,0,0,0,0,0,1
2020-04-06T13:40:00,0,2,0,0,0,1,0,2,0,0,0,0,0,1,1,0,0,0,0
2020-04-06T13:45:00,0,3,1,0,0,2,0,0,3,0,0,0,0,0,2,0,0,1,0
2020-04-06T13:50:00,0,2,1,0,0,0,0,1,0,0,0,0,0,0,2,0,0,0,0
2020-04-06T13:55:00,0,0,1,0,0,0,0,2,0,0,1,0,1,0,2,0,1,1,1
2020-04-06T14:00:00,0,2,3,1,0,1,0,0,1,1,0,0,0,0,2,1,0,1,0
2020-04-06T14:05:00,1,2,0,0,1,0,0,0,0,0,0,0,0,0,0,1,0,0,0
2020-04-06T14:10:00,1,1,1,0,0,1,0,1,2,0,0,0,0,2,1,0,0,0,1
2020-04-06T14:15:00,1,0,0,0,0,3,0,0,0,0,0,0,0,1,1,2,1,0,0
2020-04-06T14:20:00,0,0,1,0,0,1,0,1,3,1,0,0,0,0,0,0,0,0,1
2020-04-06T14:25:00,1,1,0,0,1,1,1,0,0,1,0,1,0,0,2,1,0,0,0
2020-04-06T14:30:00,0,0,2,0,0,1,0,2,1,0,0,0,0,0,0,0,0,0,0
2020-04-06T14:35:00,1,4,4,7,1,4,0,7,5,0,0,1,2,3,4,0,0,0,2
2020-04-06T14:40:00,0,1,11,1,2,3,0,2,3,1,0,0,1,2,3,1,1,0,2
2020-04-06T14:45:00,1,2,9,1,0,1,0,2,9,0,0,3,0,2,0,0,0,2,3
2020-04-06T14:50:00,2,5,6,1,1,2,0,5,6,3,1,2,1,1,1,0,0,0,1
2020-04-06T14:55:00,0,2,7,0,1,1,0,5,6,3,0,0,2,1,6,1,0,1,1
2020-04-06T15:00:00,0,4,8,1,2,0,0,2,4,0,0,0,1,4,1,2,0,0,1
2020-04-06T15:05:00,0,4,7,1,1,4,0,5,4,1,1,2,0,0,0,1,2,1,0
2020-04-06T15:10:00,1,3,3,1,0,0,0,3,4,3,1,0,0,1,3,1,0,0,3
2020-04-06T15:15:00,0,1,5,0,1,4,0,3,0,1,0,2,0,2,5,1,0,1,3
2020-04-06T15:20:00,0,2,6,0,1,2,0,3,4,1,0,1,1,1,3,1,0,1,1
2020-04-06T15:25:00,0,1,4,1,0,1,0,6,5,0,0,0,1,3,1,0,0,1,1
2020-04-06T15:30:00,2,3,5,2,1,2,0,4,4,1,0,0,0,0,3,0,1,0,1
2020-04-06T15:35:00,0,2,4,1,1,3,0,0,3,0,0,2,0,1,3,0,0,0,2
2020-04-06T15:40:00,1,0,5,0,1,3,0,6,0,3,0,2,0,0,1,1,0,0,1
2020-04-06T15:45:00,1,2,3,2,0,3,0,4,1,0,1,1,0,1,2,0,0,0,2
2020-04-06T15:50:00,2,0,3,2,1,1,0,2,1,2,0,1,1,2,2,1,0,3,1
2020-04-06T15:55:00,1,1,1,3,0,1,0,3,2,0,1,0,0,0,1,0,0,0,1
2020-04-06T16:00:00,2,6,11,1,10,8,0,11,12,4,1,2,2,4,4,2,0,2,3
2020-04-06T16:05:00,1,9,21,3,6,10,0,23,18,7,2,1,4,5,8,3,1,8,5
2020-04-06T16:10:00,1,8,21,4,3,10,0,13,25,13,7,2,3,5,15,5,2,7,7
2020-04-06T16:15:00,3,9,23,2,7,7,0,18,22,5,2,2,5,4,8,4,1,4,9
2020-04-06T16:20:00,1,11,16,2,3,13,0,18,20,8,1,2,3,7,11,5,2,9,7
2020-04-06T16:25:00,2,6,10,5,6,7,0,18,19,9,6,3,5,7,4,1,1,4,8
2020-04-06T16:30:00,1,10,18,4,4,11,1,18,16,5,3,1,4,4,2,1,1,1,7
2020-04-06T16:35:00,1,7,10,4,2,14,0,19,16,0,0,1,5,2,10,3,0,6,9
2020-04-06T16:40:00,3,5,15,0,2,10,0,20,12,3,1,1,2,4,10,3,0,1,4
2020-04-06T16:45:00,0,9,12,3,3,7,0,15,5,6,3,1,5,4,10,1,0,5,7
2020-04-06T16:50:00,1,8,9,0,1,10,0,12,14,4,3,0,5,2,8,1,0,5,3
2020-04-06T16:55:00,1,5,13,1,3,2,0,11,9,6,2,0,1,4,7,5,0,0,3
2020-04-06T17:00:00,0,11,10,1,4,6,0,11,10,6,1,0,1,5,6,5,0,2,8
2020-04-06T17:05:00,0,1,16,3,6,2,0,8,4,0,3,4,2,1,5,3,0,1,6
2020-04-06T17:10:00,2,3,8,3,1,5,0,8,10,2,2,0,1,6,8,4,0,1,3
2020-04-06T17:15:00,0,6,12,1,3,5,0,8,8,3,2,3,2,4,8,1,0,3,5
2020-04-06T17:20:00,0,4,10,0,1,9,0,12,8,3,1,3,3,5,2,3,0,3,6
2020-04-06T17:25:00,2,4,11,1,2,6,0,5,9,2,1,0,1,6,2,0,2,0,2
2020-04-06T17:30:00,2,5,7,1,2,1,0,9,7,4,0,0,1,4,1,4,0,3,5
2020-04-06T17:35:00,0,5,8,3,0,6,0,9,4,1,0,2,2,1,3,0,1,2,4
2020-04-06T17:40:00,1,2,4,0,2,4,0,6,8,3,0,0,0,0,3,3,1,3,1
2020-04-06T17:45:00,1,2,4,1,3,3,0,6,3,2,2,1,1,1,1,2,0,3,3
2020-04-06T17:50:00,1,4,2,1,2,4,0,6,5,3,1,0,1,2,10,2,1,0,2
2020-04-06T17:55:00,1,1,6,1,2,4,0,8,2,7,3,2,3,2,8,2,1,3,0
2020-04-06T18:00:00,0,3,3,2,1,2,0,3,7,1,2,1,3,2,3,2,0,3,0
2020-04-06T18:05:00,2,3,2,3,2,3,0,5,4,1,1,2,0,1,2,1,0,1,0
2020-04-06T18:10:00,0,2,1,1,0,3,0,5,2,0,2,1,0,2,1,0,0,0,1
2020-04-06T18:15:00,0,1,3,1,2,4,0,5,1,2,0,0,1,2,3,1,1,1,1
2020-04-06T18:20:00,0,3,4,1,2,0,0,3,2,1,0,2,0,1,4,0,0,1,0
2020-04-06T18:25:00,0,2,5,0,1,5,0,6,6,2,1,2,2,2,4,1,2,0,3
2020-04-06T18:30:00,0,4,3,1,1,1,0,1,4,2,0,0,2,3,4,1,0,2,1
2020-04-06T18:35:00,0,1,1,2,1,0,0,4,4,1,1,1,0,3,2,1,1,2,0
2020-04-06T18:40:00,0,2,0,2,0,4,0,4,2,1,0,0,0,0,3,0,0,0,4
2020-04-06T18:45:00,0,2,1,0,0,3,0,3,5,1,1,1,0,0,2,0,1,3,1
2020-04-06T18:50:00,0,0,6,0,0,2,0,4,1,3,0,0,1,0,4,1,0,1,2
2020-04-06T18:55:00,0,0,2,0,0,3,0,2,2,2,0,1,1,1,1,2,1,0,2
2020-04-06T19:00:00,0,5,0,1,0,3,0,2,2,1,0,1,1,0,1,1,0,1,1
2020-04-06T19:05:00,1,2,3,1,0,1,0,2,2,1,2,1,0,3,0,1,0,2,2
2020-04-06T19:10:00,0,2,2,1,1,4,0,2,1,0,0,1,0,1,4,0,0,2,1
2020-04-06T19:15:00,1,2,1,0,2,2,0,2,2,1,0,1,0,0,2,1,1,1,2
2020-04-06T19:20:00,1,2,3,0,4,2,0,2,1,1,0,0,0,1,2,2,0,0,0
2020-04-06T19:25:00,0,1,2,0,0,0,0,2,2,2,0,2,1,0,1,1,0,1,1
2020-04-06T19:30:00,1,0,0,0,0,3,0,2,2,1,1,1,0,3,3,1,0,1,0
2020-04-06T19:35:00,0,1,1,0,2,0,0,0,0,1,0,0,1,1,0,0,1,0,1
2020-04-06T19:40:00,0,2,2,0,2,1,0,2,3,1,0,2,3,0,1,0,0,0,1
2020-04-06T19:45:00,2,1,2,0,0,2,0,2,1,0,0,0,0,0,0,0,0,1,1
2020-04-06T19:50:00,0,2,1,0,0,1,0,3,0,0,0,1,0,1,1,0,0,1,0
2020-04-06T19:55:00,0,1,1,0,0,2,0,2,2,0,0,0,2,0,2,1,0,0,1
2020-04-06T20:00:00,0,4,1,0,1,1,0,1,3,1,0,1,1,0,3,1,1,0,4
2020-04-06T20:05:00,0,1,2,1,1,0,0,2,3,0,0,0,0,1,3,1,1,0,0
2020-04-06T20:10:00,0,0,1,0,2,0,0,1,1,1,0,1,0,1,1,0,0,1,1
2020-04-06T20:15:00,0,0,0,0,0,0,0,0,0,0,0,1,0,1,0,1,0,1,0
2020-04-06T20:20:00,0,1,2,0,0,0,0,2,0,1,1,0,0,0,0,1,0,0,0
2020-04-06T20:25:00,0,1,0,1,1,0,0,0,0,0,0,1,0,3,1,0,0,1,0
2020-04-06T20:30:00,0,0,2,0,1,1,0,2,2,0,0,1,0,0,1,0,1,0,0
2020-04-06T20:35:00,1,0,1,0,0,1,0,1,0,0,0,0,0,0,1,1,0,0,0
2020-04-06T20:40:00,0,0,3,0,1,3,0,2,0,0,0,1,0,0,2,1,0,0,0
2020-04-06T20:45:00,1,1,1,0,2,2,0,2,1,0,0,0,0,1,0,2,0,0,1
2020-04-06T20:50:00,0,0,0,0,0,0,0,3,0,3,1,1,0,1,3,0,1,0,0
2020-04-06T20:55:00,0,0,1,0,0,0,0,0,0,0,0,0,0,1,2,1,0,0,1
2020-04-06T21:00:00,0,0,1,0,0,0,0,1,1,0,0,0,1,1,2,0,0,0,0
2020-04-06T21:05:00,0,0,5,0,2,0,0,3,1,0,0,0,0,0,4,0,1,0,0
2020-04-06T21:10:00,0,3,0,0,2,3,0,2,2,0,0,0,0,1,1,0,0,0,0
2020-04-06T21:15:00,0,0,1,0,0,1,0,1,0,1,0,0,0,1,2,0,0,0,2
2020-04-06T21:20:00,0,2,0,0,2,3,0,2,1,0,0,0,2,0,0,0,0,1,0
2020-04-06T21:25:00,0,0,1,1,1,1,0,0,0,0,0,0,0,0,0,0,0,1,1
2020-04-06T21:30:00,0,1,2,0,0,1,0,0,3,2,0,0,0,0,0,1,1,0,0
2020-04-06T21:35:00,1,0,1,0,0,1,0,2,2,0,1,0,0,0,1,0,0,0,0
2020-04-06T21:40:00,0,1,2,0,0,0,0,3,1,0,0,0,1,1,1,1,0,1,0
2020-04-06T21:45:00,1,2,2,0,0,2,0,1,0,0,0,0,0,1,2,0,0,0,0
2020-04-06T21:50:00,0,0,0,0,0,0,0,4,1,0,0,1,0,1,2,0,0,2,0
2020-04-06T21:55:00,0,1,2,0,0,0,0,0,1,0,0,0,0,0,2,0,0,0,0
2020-04-06T22:00:00,2,1,1,0,0,1,0,4,1,0,1,0,0,2,1,0,0,1,0
2020-04-06T22:05:00,0,1,1,0,1,0,0,1,1,1,0,1,1,1,3,0,0,1,0
2020-04-06T22:10:00,0,2,1,0,0,2,0,0,1,1,0,0,1,0,0,0,0,2,0
2020-04-06T22:15:00,1,1,0,0,0,1,0,2,0,0,0,0,0,0,1,1,0,0,0
2020-04-06T22:20:00,1,3,3,0,1,0,0,3,1,1,0,0,0,1,1,0,0,2,0
2020-04-06T22:25:00,1,0,0,0,0,2,0,1,0,0,0,0,0,0,1,0,0,0,0
2020-04-06T22:30:00,0,0,1,0,0,1,0,0,0,0,1,0,0,0,2,0,1,0,0
2020-04-06T22:35:00,0,1,0,0,1,2,0,1,1,2,0,0,0,2,0,2,0,0,0
2020-04-06T22:40:00,0,0,0,0,1,1,0,1,1,1,0,1,1,0,0,2,0,0,0
2020-04-06T22:45:00,1,0,0,0,1,1,0,0,1,0,0,1,0,0,0,0,0,1,0
2020-04-06T22:50:00,0,1,2,0,2,2,0,1,0,0,0,0,0,1,2,1,0,3,0
2020-04-06T22:55:00,0,2,0,0,1,1,0,1,1,0,0,0,0,0,0,0,0,0,2
2020-04-06T23:00:00,0,1,1,0,0,0,0,0,0,1,0,0,1,1,0,1,0,0,0
2020-04-06T23:05:00,0,0,1,0,0,0,0,1,2,0,0,0,0,1,1,0,0,0,0
2020-04-06T23:10:00,0,1,3,0,0,0,0,0,2,1,0,0,0,0,2,0,0,1,0
2020-04-06T23:15:00,0,1,0,0,0,1,0,1,0,0,1,0,1,1,0,0,0,1,1
2020-04-06T23:20:00,0,0,0,0,0,1,0,0,4,0,1,0,0,1,0,1,0,1,2
2020-04-06T23:25:00,0,0,0,0,2,0,0,0,2,0,0,0,0,1,1,0,0,0,0
2020-04-06T23:30:00,0,0,0,1,0,0,0,3,0,0,0,0,0,1,1,2,0,0,0
2020-04-06T23:35:00,1,0,0,0,0,3,0,2,0,0,0,0,0,0,1,0,0,0,0
2020-04-06T23:40:00,1,0,1,0,2,1,0,1,2,0,0,0,1,0,0,0,0,0,1
2020-04-06T23:45:00,0,1,2,1,0,1,0,0,1,0,0,0,0,0,0,0,1,0,0
2020-04-06T23:50:00,0,1,0,0,2,0,0,3,1,0,0,0,1,0,1,0,0,0,0
2020-04-06T23:55:00,0,1,0,0,0,0,0,2,1,1,0,0,1,0,2,0,0,0,0
2020-04-07T00:00:00,1,1,1,0,0,1,0,2,2,0,1,0,0,0,3,0,0,0,0
2020-04-07T00:05:00,0,1,1,0,1,0,0,1,2,0,0,0,1,3,1,1,0,2,2
2020-04-07T00:10:00,0,0,0,0,1,0,0,0,1,0,0,1,0,0,0,0,0,0,1
2020-04-07T00:15:00,0,0,0,1,0,2,0,0,0,0,0,0,0,0,1,0,2,1,1
2020-04-07T00:20:00,0,0,0,0,1,0,0,1,1,0,0,0,0,1,1,0,0,0,0
2020-04-07T00:25:00,0,3,0,0,0,0,0,4,4,0,0,0,0,0,1,1,0,2,0
2020-04-07T00:30:00,0,0,0,1,2,0,0,0,2,1,1,0,0,1,1,0,1,0,0
2020-04-07T00:35:00,0,2,0,0,1,1,0,2,0,1,0,0,0,0,1,0,0,1,0
2020-04-07T00:40:00,0,0,0,1,0,0,0,0,2,0,0,2,0,0,0,0,0,0,0
2020-04-07T00:45:00,0,1,1,0,1,1,0,1,1,1,0,0,0,0,0,0,0,1,1
2020-04-07T00:50:00,0,0,2,0,0,2,0,1,2,0,0,2,0,1,1,1,0,1,0
2020-04-07T00:55:00,1,0,0,0,0,0,0,3,0,0,1,0,0,1,0,1,0,0,3
2020-04-07T01:00:00,0,1,1,0,0,1,0,0,0,1,0,0,0,0,1,0,0,1,0
2020-04-07T01:05:00,1,0,1,1,0,0,0,0,2,0,0,1,0,1,1,2,0,0,0
2020-04-07T01:10:00,1,0,1,0,2,2,0,1,0,0,0,0,0,0,3,0,0,0,1
2020-04-07T01:15:00,1,1,0,0,1,0,0,3,0,1,1,0,0,0,1,1,0,1,0
2020-04-07T01:20:00,0,0,2,0,0,0,0,1,0,1,0,0,0,0,0,0,0,0,0
2020-04-07T01:25:00,0,0,1,0,1,0,0,0,0,0,1,0,0,1,0,0,0,0,1
2020-04-07T01:30:00,0,0,0,1,0,2,0,0,0,0,1,0,0,0,1,0,1,0,0
2020-04-07T01:35:00,1,0,1,0,0,0,0,0,0,0,0,1,0,1,0,0,0,0,0
2020-04-07T01:40:00,0,0,0,0,0,0,0,1,0,0,0,1,0,1,1,0,0,0,0
2020-04-07T01:45:00,0,0,0,0,0,1,0,1,1,2,0,0,0,0,2,1,0,0,1
2020-04-07T01:50:00,1,1,0,0,0,0,0,0,0,1,0,0,2,0,1,0,0,0,0
2020-04-07T01:55:00,0,0,1,0,0,1,0,2,1,0,0,0,0,1,0,0,0,0,1
2020-04-07T02:00:00,1,1,0,0,0,2,0,1,1,1,0,0,0,0,2,0,0,0,0
2020-04-07T02:05:00,0,2,1,0,0,1,0,1,0,0,0,0,0,0,1,0,0,0,0
2020-04-07T02:10:00,0,0,1,0,0,1,0,1,0,1,0,1,1,0,3,1,0,0,1
2020-04-07T02:15:00,0,0,0,0,0,0,0,1,0,0,1,0,0,1,0,0,0,0,0
2020-04-07T02:20:00,0,0,0,0,0,1,0,3,1,0,0,0,1,1,1,1,0,0,0
2020-04-07T02:25:00,0,0,0,0,0,2,0,1,1,1,0,0,0,0,2,0,1,0,0
2020-04-07T02:30:00,0,1,0,1,0,0,0,0,0,0,1,0,0,0,1,0,0,0,0
2020-04-07T02:35:00,0,0,2,1,0,2,0,0,0,0,0,0,0,0,2,0,0,0,0
2020-04-07T02:40:00,0,2,1,0,0,0,0,0,0,0,1,1,0,2,1,0,0,0,1
2020-04-07T02:45:00,1,0,0,0,0,1,0,1,1,0,0,0,1,0,1,1,1,0,1
2020-04-07T02:50:00,1,0,1,0,1,0,0,1,2,0,0,0,1,0,1,0,0,0,2
2020-04-07T02:55:00,1,0,0,0,1,1,0,2,0,1,1,0,0,0,0,1,0,0,0
2020-04-07T03:00:00,0,1,0,0,0,2,0,1,0,0,0,0,0,1,0,0,1,0,0
2020-04-07T03:05:00,0,0,0,0,0,1,0,0,0,0,0,0,1,0,1,0,0,2,0
2020-04-07T03:10:00,0,1,0,0,0,0,0,1,0,0,0,1,1,1,3,0,0,0,1
2020-04-07T03:15:00,1,2,0,0,0,2,0,2,0,0,0,0,0,1,0,1,0,0,0
2020-04-07T03:20:00,0,0,1,0,0,1,0,1,1,1,0,0,0,0,1,0,0,2,2
2020-04-07T03:25:00,0,1,1,1,1,0,0,1,2,0,1,1,0,0,1,1,0,1,2
2020-04-07T03:30:00,0,0,0,0,0,0,0,1,1,1,0,1,0,0,0,0,0,1,0
2020-04-07T03:35:00,0,0,0,0,0,1,0,0,2,0,1,1,0,0,3,1,0,0,0
2020-04-07T03:40:00,0,3,0,1,1,1,0,1,2,1,0,0,0,1,1,1,0,0,0
2020-04-07T03:45:00,0,0,0,0,0,0,0,1,1,0,0,0,0,0,0,0,0,1,0
2020-04-07T03:50:00,2,1,1,0,0,3,0,0,4,0,1,0,0,1,0,0,1,0,0
2020-04-07T03:55:00,0,1,2,0,1,0,0,0,1,1,0,0,1,1,0,0,1,1,0
2020-04-07T04:00:00,0,1,1,0,0,0,0,1,0,0,1,0,0,0,0,0,2,0,0
2020-04-07T04:05:00,0,1,1,1,0,1,0,0,1,0,1,1,0,0,2,0,0,0,2
2020-04-07T04:10:00,0,2,1,0,0,0,0,0,1,0,0,0,0,0,0,0,0,0,0
2020-04-07T04:15:00,0,1,1,0,0,1,0,0,0,0,0,0,0,0,0,2,0,0,0
2020-04-07T04:20:00,0,0,2,0,0,1,0,2,1,0,0,1,0,0,1,0,0,0,0
2020-04-07T04:25:00,0,0,1,1,0,1,0,1,1,1,0,0,0,1,0,0,0,1,0
2020-04-07T04:30:00,0,1,0,0,0,4,0,1,0,0,0,0,0,1,1,0,0,0,0
2020-04-07T04:35:00,1,2,0,0,0,2,0,0,1,0,0,0,0,0,1,0,0,1,1
2020-04-07T04:40:00,0,1,2,1,0,3,0,1,2,0,1,0,0,0,0,0,0,0,0
2020-04-07T04:45:00,0,0,0,1,0,0,0,0,1,1,0,0,1,0,0,1,0,0,0
2020-04-07T04:50:00,1,0,2,0,0,1,0,0,2,0,0,0,0,0,1,0,0,0,0
2020-04-07T04:55:00,1,0,0,0,1,1,0,0,2,0,0,1,0,1,0,0,0,0,0
2020-04-07T05:00:00,0,0,0,0,0,0,0,1,3,0,0,0,1,0,3,0,0,1,1
2020-04-07T05:05:00,0,0,0,0,1,3,0,0,1,0,0,0,0,0,0,0,0,1,0
2020-04-07T05:10:00,0,0,1,0,0,1,0,2,0,0,1,0,0,0,0,0,0,0,1
2020-04-07T05:15:00,0,2,0,0,0,1,0,0,1,1,0,0,0,0,1,0,0,0,0
2020-04-07T05:20:00,1,0,0,0,1,0,0,0,1,0,0,0,0,0,0,0,0,1,0
2020-04-07T05:25:00,1,1,1,1,0,0,0,0,0,0,0,0,0,0,2,0,0,0,0
2020-04-07T05:30:00,0,2,0,1,3,1,0,0,2,0,0,2,0,1,0,1,0,1,1
2020-04-07T05:35:00,0,0,0,0,2,0,0,1,1,0,1,0,1,0,2,1,1,1,0
2020-04-07T05:40:00,0,1,1,0,0,1,0,1,0,0,1,0,0,0,0,0,0,0,1
2020-04-07T05:45:00,0,2,1,0,0,0,0,1,1,1,1,1,0,1,1,0,0,0,0
2020-04-07T05:50:00,1,2,2,0,0,0,0,0,0,0,0,0,0,0,0,0,0,0,0
2020-04-07T05:55:00,0,0,2,0,1,0,0,1,0,0,0,0,0,0,3,1,0,0,0
2020-04-07T06:00:00,0,0,0,0,0,1,0,1,0,0,0,0,0,0,0,1,0,0,0
2020-04-07T06:05:00,0,1,0,0,0,0,0,0,1,0,0,0,0,0,2,1,0,0,0
2020-04-07T06:10:00,0,1,1,0,0,0,0,1,1,0,0,0,0,0,0,1,0,1,0
2020-04-07T06:15:00,0,0,1,0,0,0,0,2,0,0,0,0,0,0,1,1,2,0,0
2020-04-07T06:20:00,0,1,1,0,0,1,0,1,2,0,0,0,0,0,1,0,0,1,0
2020-04-07T06:25:00,1,0,1,1,1,1,0,0,2,0,0,0,0,0,0,0,0,1,2
2020-04-07T06:30:00,2,2,0,0,1,0,0,1,0,0,0,1,0,0,2,0,0,0,1
2020-04-07T06:35:00,0,0,0,0,0,0,0,1,0,1,0,1,0,0,0,0,1,0,0
2020-04-07T06:40:00,0,0,0,0,0,0,0,0,0,1,1,0,0,0,2,2,0,0,0
2020-04-07T06:45:00,0,0,0,1,0,0,0,3,0,0,1,1,1,0,0,0,0,0,0
2020-04-07T06:50:00,0,2,1,0,0,3,0,0,1,0,1,0,0,1,1,0,0,0,0
2020-04-07T06:55:00,0,1,0,0,0,0,0,2,1,1,0,0,0,2,3,0,0,0,3
2020-04-07T07:00:00,0,1,0,0,1,1,0,1,2,0,0,0,0,0,0,0,0,1,1
2020-04-07T07:05:00,0,2,0,0,0,3,0,0,0,0,0,0,0,0,1,1,0,1,2
2020-04-07T07:10:00,1,0,1,0,0,0,0,0,1,0,0,0,0,0,0,1,0,0,1
2020-04-07T07:15:00,0,1,1,0,0,0,0,0,0,0,0,0,0,0,2,0,0,0,0
2020-04-07T07:20:00,0,1,0,1,0,0,0,0,2,0,0,1,0,0,2,0,0,0,0
2020-04-07T07:25:00,1,0,1,0,0,0,0,0,0,0,0,0,0,0,1,0,0,0,0
2020-04-07T07:30:00,0,0,1,0,0,1,0,2,0,0,0,0,0,0,0,2,0,0,0
2020-04-07T07:35:00,1,2,0,0,1,0,0,0,0,0,1,1,0,0,0,1,0,1,1
2020-04-07T07:40:00,0,1,0,0,0,0,0,0,0,0,0,0,0,1,0,0,0,0,0
2020-04-07T07:45:00,1,0,1,1,0,2,0,1,0,0,1,0,0,0,0,0,1,0,0
2020-04-07T07:50:00,1,0,0,0,1,1,0,0,1,0,0,0,0,0,0,0,0,0,1
2020-04-07T07:55:00,0,0,3,0,1,0,0,1,2,1,0,0,0,0,0,0,0,0,0
2020-04-07T08:00:00,0,3,2,0,1,2,0,0,0,0,0,0,0,0,0,0,0,0,0
2020-04-07T08:05:00,0,1,1,0,0,0,0,0,0,0,0,0,1,0,2,0,0,1,0
2020-04-07T08:10:00,0,2,2,0,0,2,0,1,0,0,0,0,0,0,1,0,0,0,0
2020-04-07T08:15:00,0,1,0,0,2,0,0,0,0,1,0,0,0,0,0,1,0,0,0
2020-04-07T08:20:00,0,0,1,0,0,0,0,1,0,0,0,0,1,1,2,1,0,0,1
2020-04-07T08:25:00,2,1,1,0,0,0,0,1,1,0,0,0,0,0,0,0,0,1,0
2020-04-07T08:30:00,0,0,1,0,1,2,0,0,0,0,0,0,1,0,0,1,1,0,0
2020-04-07T08:35:00,0,2,1,0,0,0,0,1,0,1,0,0,0,0,0,0,0,0,0
2020-04-07T08:40:00,0,0,1,0,1,2,0,1,1,0,0,0,0,0,1,1,0,0,1
2020-04-07T08:45:00,1,0,2,0,0,0,0,2,1,0,0,0,0,1,1,0,1,0,2
2020-04-07T08:50:00,1,2,0,0,1,1,0,0,3,0,0,0,0,0,0,1,0,1,1
2020-04-07T08:55:00,0,1,0,0,1,3,0,2,2,0,2,0,0,0,2,0,0,0,2
2020-04-07T09:00:00,0,1,0,0,0,0,0,2,0,0,0,0,0,0,1,1,0,0,0
2020-04-07T09:05:00,0,0,2,0,0,1,0,2,0,0,0,0,0,0,0,0,0,0,0
2020-04-07T09:10:00,0,1,2,0,2,0,0,0,1,0,0,0,0,0,2,0,1,0,0
2020-04-07T09:15:00,0,2,0,0,0,3,0,3,0,0,0,0,0,0,2,1,0,0,0
2020-04-07T09:20:00,2,1,1,0,0,1,0,0,0,1,0,0,0,0,2,0,0,1,0
2020-04-07T09:25:00,0,1,2,0,0,1,0,1,0,1,0,0,0,1,0,0,0,0,0
2020-04-07T09:30:00,0,0,0,0,1,2,0,1,0,0,0,1,0,0,0,0,0,0,3
2020-04-07T09:35:00,0,1,1,0,0,0,0,2,2,1,0,0,2,2,1,0,0,1,0
2020-04-07T09:40:00,0,2,0,1,0,1,0,0,1,0,0,0,0,0,0,0,1,1,0
2020-04-07T09:45:00,0,1,1,0,0,3,0,1,2,0,1,0,0,0,1,0,0,1,2
2020-04-07T09:50:00,1,0,0,0,0,3,0,1,0,1,0,0,0,0,0,0,0,0,0
2020-04-07T09:55:00,1,0,3,0,0,0,0,0,0,0,0,0,0,0,0,1,0,0,1
2020-04-07T10:00:00,1,2,1,0,0,1,0,3,0,1,0,0,0,0,2,0,0,0,2
2020-04-07T10:05:00,0,1,1,0,1,2,0,1,1,0,0,1,0,1,0,1,0,0,1
2020-04-07T10:10:00,0,2,1,0,0,1,0,1,0,0,0,0,0,0,0,0,0,0,0
2020-04-07T10:15:00,0,1,1,0,0,0,0,0,0,0,0,0,0,0,1,0,0,1,0
2020-04-07T10:20:00,0,1,1,0,0,2,0,1,2,0,0,0,0,0,0,0,0,0,0
2020-04-07T10:25:00,0,3,1,1,0,0,0,0,1,0,0,0,1,0,2,0,0,0,0
2020-04-07T10:30:00,0,3,0,0,1,0,0,0,0,0,0,0,0,0,1,0,0,0,0
2020-04-07T10:35:00,0,1,1,0,0,1,1,0,2,0,0,1,0,1,0,0,0,0,0
2020-04-07T10:40:00,0,1,0,0,0,1,0,0,1,0,0,0,0,0,0,0,0,0,1
2020-04-07T10:45:00,1,0,1,2,0,2,0,2,2,1,0,0,0,0,0,0,0,1,1
2020-04-07T10:50:00,1,1,0,0,1,0,0,1,2,0,0,0,0,0,1,0,0,0,2
2020-04-07T10:55:00,0,0,0,0,0,0,0,0,0,1,0,0,0,0,0,0,0,0,1
2020-04-07T11:00:00,0,3,1,0,0,0,0,0,2,1,0,0,0,0,0,0,0,0,0
2020-04-07T11:05:00,1,1,1,0,0,1,0,0,0,1,0,1,0,0,1,0,1,0,1
2020-04-07T11:10:00,1,0,1,0,1,1,0,0,2,0,1,0,0,0,3,0,0,0,0
2020-04-07T11:15:00,0,1,1,0,0,0,0,1,0,0,1,0,0,0,0,0,1,1,3
2020-04-07T11:20:00,0,2,1,0,0,0,0,0,1,2,0,0,0,0,3,0,0,0,0
2020-04-07T11:25:00,0,1,1,0,0,0,0,2,1,1,0,0,0,1,1,1,0,0,0
2020-04-07T11:30:00,1,0,0,0,0,2,0,0,1,0,0,0,0,0,1,1,0,0,0
2020-04-07T11:35:00,0,1,0,1,0,0,0,3,0,0,1,0,1,0,2,1,0,0,2
2020-04-07T11:40:00,1,0,1,0,0,2,0,1,1,0,0,0,0,0,0,0,0,0,0
2020-04-07T11:45:00,0,3,0,0,0,3,0,0,0,0,0,0,0,0,2,0,0,0,0
2020-04-07T11:50:00,1,1,0,1,0,0,0,1,0,0,0,0,0,0,0,1,0,0,0
2020-04-07T11:55:00,0,0,0,0,0,3,0,1,2,0,0,1,0,1,3,0,0,0,1
2020-04-07T12:00:00,0,1,0,0,0,0,0,3,0,0,0,0,0,1,1,0,0,2,0
2020-04-07T12:05:00,0,1,1,1,0,0,0,1,1,0,1,0,0,0,0,0,0,1,0
2020-04-07T12:10:00,2,1,0,0,0,2,0,0,1,0,0,0,0,1,0,2,0,0,0
2020-04-07T12:15:00,0,1,2,0,0,1,0,1,1,0,0,0,1,0,1,0,0,0,0
2020-04-07T12:20:00,0,1,0,0,1,0,0,3,0,2,1,0,0,0,1,1,0,0,0
2020-04-07T12:25:00,0,1,1,0,0,3,0,1,0,0,1,0,0,0,0,0,0,1,0
2020-04-07T12:30:00,0,1,0,1,1,0,0,0,0,0,0,0,0,0,0,1,0,0,0
2020-04-07T12:35:00,0,1,0,0,0,1,0,2,0,0,1,1,0,0,1,0,0,0,0
2020-04-07T12:40:00,0,1,0,0,0,2,0,0,1,0,0,1,0,1,0,0,0,0,0
2020-04-07T12:45:00,0,1,1,0,0,2,0,0,0,0,0,0,0,1,0,0,0,0,0
2020-04-07T12:50:00,1,0,1,0,1,0,0,1,1,0,0,0,2,0,0,0,0,0,0
2020-04-07T12:55:00,0,1,0,0,0,0,0,1,1,0,0,2,0,1,0,2,1,0,1
2020-04-07T13:00:00,0,0,0,0,0,1,0,0,2,0,0,0,1,0,1,0,0,0,0
2020-04-07T13:05:00,0,2,0,0,0,2,0,0,2,0,0,0,0,0,2,0,0,0,1
2020-04-07T13:10:00,0,0,1,0,0,1,0,2,0,0,0,0,0,1,0,1,0,0,0
2020-04-07T13:15:00,0,0,2,0,0,2,0,1,0,0,0,0,0,0,1,0,0,0,1
2020-04-07T13:20:00,0,1,0,0,1,2,0,0,0,0,0,0,1,0,0,0,0,0,2
2020-04-07T13:25:00,2,1,0,0,0,0,0,0,2,0,0,1,0,1,1,1,0,0,0
2020-04-07T13:30:00,0,1,1,1,1,3,0,1,2,1,0,0,0,0,0,0,0,0,1
2020-04-07T13:35:00,0,2,0,0,0,0,0,1,1,0,1,0,0,1,1,1,0,0,0
2020-04-07T13:40:00,0,0,1,0,1,3,0,2,1,0,0,0,0,0,3,1,0,1,0
2020-04-07T13:45:00,0,1,0,0,0,0,0,0,0,1,0,0,1,0,2,0,1,1,0
2020-04-07T13:50:00,1,2,1,0,0,0,0,1,1,0,0,0,1,0,1,0,0,0,1
2020-04-07T13:55:00,0,0,1,0,0,1,0,0,1,0,0,0,0,0,1,0,1,0,0
2020-04-07T14:00:00,0,0,1,0,0,0,0,2,1,0,0,1,0,0,0,1,0,0,1
2020-04-07T14:05:00,0,1,0,1,0,1,0,2,1,0,1,0,1,0,0,2,0,0,1
2020-04-07T14:10:00,1,2,1,0,1,0,0,1,1,0,0,1,0,3,0,0,1,0,0
2020-04-07T14:15:00,1,1,0,0,0,1,0,2,3,0,0,0,0,0,2,0,0,0,0
2020-04-07T14:20:00,0,0,2,0,1,1,0,1,0,0,0,0,0,0,1,1,0,0,0
2020-04-07T14:25:00,1,1,0,0,0,1,0,0,1,0,0,0,0,0,1,0,1,0,0
2020-04-07T14:30:00,0,0,1,0,0,0,0,0,2,1,0,0,0,0,1,0,0,0,0
2020-04-07T14:35:00,0,0,0,0,0,1,0,1,0,0,0,1,0,0,3,1,0,0,0
2020-04-07T14:40:00,0,0,0,0,0,2,0,1,0,0,0,0,0,0,1,0,2,1,0
2020-04-07T14:45:00,0,2,0,0,0,0,0,0,2,0,0,0,0,0,0,0,0,0,0
2020-04-07T14:50:00,0,1,0,0,0,1,0,1,0,0,0,1,0,0,1,0,0,0,0
2020-04-07T14:55:00,0,1,2,1,0,0,0,1,1,1,0,0,0,0,0,0,0,1,0
2020-04-07T15:00:00,0,0,1,0,2,1,0,1,2,0,0,0,1,0,0,0,0,0,1
2020-04-07T15:05:00,0,1,2,0,0,0,0,1,0,0,1,0,0,2,0,0,2,1,0
2020-04-07T15:10:00,0,1,0,0,0,0,0,1,0,0,0,0,2,0,0,0,0,1,1
2020-04-07T15:15:00,0,1,1,0,0,1,0,0,0,0,0,1,1,0,2,0,0,0,0
2020-04-07T15:20:00,1,1,1,0,0,0,0,0,0,0,0,0,0,1,1,1,0,1,0
2020-04-07T15:25:00,0,0,0,1,0,2,0,1,0,0,0,1,0,0,2,0,0,0,0
2020-04-07T15:30:00,0,1,0,0,0,0,0,1,1,0,0,0,0,1,0,0,0,1,1
2020-04-07T15:35:00,0,1,0,0,1,2,0,0,1,0,1,0,0,0,0,0,0,0,0
2020-04-07T15:40:00,0,2,0,0,1,0,0,0,2,0,0,0,1,2,1,0,0,0,0
2020-04-07T15:45:00,0,0,0,1,1,1,0,0,2,0,1,0,0,2,1,0,0,0,1
2020-04-07T15:50:00,0,3,0,0,1,1,0,0,0,0,0,0,0,1,1,0,0,0,0
2020-04-07T15:55:00,0,0,0,0,0,1,0,1,0,0,0,0,0,0,2,1,1,0,0
2020-04-07T16:00:00,1,1,1,0,0,1,0,2,0,1,0,0,0,0,1,0,0,1,1
2020-04-07T16:05:00,0,0,1,0,0,0,0,0,3,0,0,0,1,0,0,2,0,0,2
2020-04-07T16:10:00,0,0,0,0,2,0,0,1,2,0,1,0,0,0,0,0,0,0,0
2020-04-07T16:15:00,0,1,0,0,0,1,0,0,1,0,0,0,0,0,0,0,0,0,0
2020-04-07T16:20:00,0,1,0,0,0,0,0,0,1,0,0,0,0,0,2,1,0,1,0
2020-04-07T16:25:00,0,1,0,0,0,0,0,0,1,0,1,1,0,0,0,0,0,0,1
2020-04-07T16:30:00,0,2,0,0,0,1,0,0,0,0,0,0,0,0,2,0,0,0,1
2020-04-07T16:35:00,1,2,0,0,0,2,0,2,1,0,0,0,0,0,1,0,1,0,1
2020-04-07T16:40:00,0,1,1,0,0,1,0,2,4,0,0,0,0,0,1,1,0,0,3
2020-04-07T16:45:00,0,1,1,1,0,0,0,0,1,0,0,1,0,2,1,0,0,0,0
2020-04-07T16:50:00,0,1,0,0,0,0,0,0,0,0,0,0,0,0,2,1,0,0,0
2020-04-07T16:55:00,0,0,0,0,0,1,0,2,1,0,0,0,0,0,0,2,0,1,1
2020-04-07T17:00:00,0,0,0,0,0,1,0,0,0,2,0,1,1,0,0,0,1,0,0
2020-04-07T17:05:00,0,1,1,0,1,0,0,1,0,0,0,0,0,1,0,1,1,0,0
2020-04-07T17:10:00,0,1,0,0,1,2,0,2,0,2,0,0,0,0,1,1,0,0,0
2020-04-07T17:15:00,0,1,1,0,1,3,0,2,0,1,1,0,1,0,0,1,2,0,0
2020-04-07T17:20:00,0,1,1,0,1,0,0,0,0,0,1,1,1,2,1,0,0,0,0
2020-04-07T17:25:00,1,0,1,0,0,0,0,1,1,0,0,1,0,0,1,1,0,1,0
2020-04-07T17:30:00,0,2,0,0,0,2,0,1,1,0,1,0,1,0,3,0,0,0,0
2020-04-07T17:35:00,0,0,0,0,0,0,0,1,1,0,0,0,0,0,0,0,1,0,0
2020-04-07T17:40:00,1,0,1,0,1,1,0,0,0,0,0,0,0,0,1,1,0,0,0
2020-04-07T17:45:00,0,0,0,0,1,0,0,0,1,0,0,0,0,0,1,1,0,0,0
2020-04-07T17:50:00,0,1,1,0,1,0,0,1,1,0,0,0,0,0,0,0,0,0,0
2020-04-07T17:55:00,0,0,0,1,0,2,0,1,1,0,0,0,0,0,0,0,0,0,0
2020-04-07T18:00:00,0,1,0,0,0,0,0,1,0,0,0,0,0,0,0,1,0,0,0
2020-04-07T18:05:00,0,1,0,0,1,1,0,1,1,0,0,0,0,0,3,1,0,0,0
2020-04-07T18:10:00,0,0,1,0,0,1,0,1,0,0,0,0,0,1,2,0,0,0,1
2020-04-07T18:15:00,0,1,0,0,0,1,0,0,1,0,0,0,0,0,1,1,0,0,0
2020-04-07T18:20:00,0,1,0,0,0,1,0,2,1,1,0,0,0,0,2,0,1,2,0
2020-04-07T18:25:00,0,2,0,1,0,0,0,0,1,0,0,0,0,0,0,0,0,0,1
2020-04-07T18:30:00,0,0,0,0,3,0,0,1,1,0,0,0,0,2,0,1,0,0,1
2020-04-07T18:35:00,0,0,2,0,0,1,0,1,1,1,0,0,1,1,2,0,0,0,0
2020-04-07T18:40:00,1,1,0,0,0,1,0,2,1,0,0,0,0,0,1,2,0,1,1
2020-04-07T18:45:00,0,4,1,1,0,1,0,0,3,0,0,0,1,0,2,0,0,0,1
2020-04-07T18:50:00,0,0,1,0,0,1,0,0,1,0,0,0,0,0,1,1,0,0,0
2020-04-07T18:55:00,0,1,1,0,0,0,0,0,0,0,0,0,0,0,0,3,0,0,0
2020-04-07T19:00:00,0,0,0,1,0,1,0,4,1,0,0,0,1,1,0,0,0,2,0
2020-04-07T19:05:00,0,2,0,0,2,2,0,1,1,0,0,0,0,0,2,0,0,0,0
2020-04-07T19:10:00,2,1,4,0,0,0,0,1,2,0,0,0,0,0,0,0,0,0,0
2020-04-07T19:15:00,0,0,0,0,1,0,0,1,0,0,0,0,1,1,2,0,0,1,1
2020-04-07T19:20:00,0,1,0,0,0,0,0,2,3,0,0,0,0,1,1,0,0,0,0
2020-04-07T19:25:00,0,1,0,0,0,0,0,0,1,0,1,0,0,0,1,0,0,1,1
2020-04-07T19:30:00,0,1,1,1,0,1,0,3,0,0,0,1,0,0,2,0,0,1,0
2020-04-07T19:35:00,0,0,1,1,1,1,0,2,0,0,0,0,0,0,3,0,0,1,0
2020-04-07T19:40:00,1,0,1,1,0,0,0,4,1,0,0,0,0,2,1,0,1,0,0
2020-04-07T19:45:00,0,0,2,1,0,1,0,0,0,0,0,0,0,1,2,1,0,0,0
2020-04-07T19:50:00,0,2,2,0,0,1,0,0,1,0,0,0,0,0,1,0,0,0,1
2020-04-07T19:55:00,0,4,1,1,1,0,0,0,1,0,0,0,0,0,1,0,0,0,0
2020-04-07T20:00:00,0,1,1,0,0,1,0,1,1,1,0,0,0,0,1,1,0,0,0
2020-04-07T20:05:00,1,1,0,0,0,0,0,1,0,1,1,1,0,0,2,0,0,0,2
2020-04-07T20:10:00,0,1,1,0,0,4,0,1,0,0,1,0,0,0,0,0,0,0,0
2020-04-07T20:15:00,2,1,1,1,0,0,0,1,0,0,0,0,0,0,0,1,0,0,0
2020-04-07T20:20:00,0,1,1,0,0,2,0,2,0,1,0,0,0,1,0,1,0,0,0
2020-04-07T20:25:00,0,0,2,1,1,0,0,0,0,0,0,0,0,0,0,0,0,0,0
2020-04-07T20:30:00,1,0,0,0,0,0,0,1,0,0,0,0,0,1,0,0,0,1,1
2020-04-07T20:35:00,0,0,1,0,0,1,0,1,1,0,0,1,0,0,1,0,1,0,0
2020-04-07T20:40:00,0,1,1,1,0,2,0,0,1,1,1,0,0,0,0,1,0,1,1
2020-04-07T20:45:00,0,1,0,0,0,2,0,1,2,0,0,0,0,1,0,1,0,1,0
2020-04-07T20:50:00,1,1,0,1,1,0,0,0,0,1,1,0,1,0,0,0,0,0,1
2020-04-07T20:55:00,1,0,0,1,2,0,0,0,4,2,0,0,0,0,1,1,0,1,0
2020-04-07T21:00:00,0,0,0,1,1,0,0,0,1,0,0,0,0,1,0,0,0,1,0
2020-04-07T21:05:00,0,2,2,0,0,1,0,2,1,0,1,1,0,1,0,0,0,0,1
2020-04-07T21:10:00,0,0,1,0,0,0,0,1,0,1,1,0,0,1,0,1,0,0,0
2020-04-07T21:15:00,0,1,2,0,0,0,0,1,0,0,0,0,1,0,0,0,0,0,0
2020-04-07T21:20:00,1,1,0,0,0,1,0,0,0,0,0,0,0,0,2,1,0,1,0
2020-04-07T21:25:00,0,0,2,0,0,1,0,0,0,0,0,0,0,1,2,0,0,0,0
2020-04-07T21:30:00,0,0,1,0,0,0,0,0,1,0,0,0,0,1,2,0,0,0,0
2020-04-07T21:35:00,1,2,1,0,0,2,0,0,1,0,0,0,1,0,0,0,0,1,0
2020-04-07T21:40:00,0,1,0,0,1,0,0,0,1,0,0,0,0,0,1,0,1,1,0
2020-04-07T21:45:00,0,1,1,0,0,0,0,2,1,0,0,0,0,0,0,0,1,0,0
2020-04-07T21:50:00,0,2,0,0,1,1,0,1,2,1,0,0,0,0,1,1,1,0,1
2020-04-07T21:55:00,0,0,0,0,0,0,0,0,1,0,0,0,0,1,1,2,0,1,0
2020-04-07T22:00:00,2,0,1,0,0,0,0,2,0,0,0,0,0,0,3,0,0,0,0
2020-04-07T22:05:00,0,0,1,0,0,1,0,2,0,0,0,0,0,1,1,0,0,0,0
2020-04-07T22:10:00,0,0,0,0,0,1,0,1,1,0,0,0,0,0,2,0,0,2,2
2020-04-07T22:15:00,0,0,1,0,0,0,0,0,1,1,0,0,1,1,0,1,0,0,0
2020-04-07T22:20:00,0,2,1,0,0,1,0,1,0,1,0,0,0,1,2,1,0,0,0
2020-04-07T22:25:00,0,0,0,0,0,0,0,0,0,0,0,0,0,0,1,1,0,0,1
2020-04-07T22:30:00,0,1,2,1,1,1,0,0,0,0,0,1,0,0,0,0,0,0,1
2020-04-07T22:35:00,0,0,1,0,2,0,0,1,1,0,0,0,0,0,5,1,0,0,0
2020-04-07T22:40:00,0,2,0,0,1,1,0,2,0,0,0,0,0,1,0,0,0,0,2
2020-04-07T22:45:00,0,2,0,0,0,1,0,1,0,1,0,0,1,0,0,1,0,0,0
2020-04-07T22:50:00,0,0,0,0,0,0,0,1,1,1,0,0,0,0,2,0,1,1,0
2020-04-07T22:55:00,0,0,0,0,1,0,0,1,0,2,2,0,0,0,1,0,0,1,0
2020-04-07T23:00:00,0,0,1,0,2,0,0,1,1,1,0,0,0,1,0,0,0,0,0
2020-04-07T23:05:00,1,2,1,0,0,3,0,0,0,0,0,0,1,0,1,0,0,0,0
2020-04-07T23:10:00,0,1,1,0,0,0,0,0,2,1,0,0,0,0,1,0,1,0,0
2020-04-07T23:15:00,0,1,1,1,1,0,0,0,1,0,0,0,0,1,1,0,1,0,0
2020-04-07T23:20:00,0,0,2,0,0,0,0,0,3,0,0,0,0,0,2,0,0,0,0
2020-04-07T23:25:00,0,1,0,0,1,2,0,0,1,0,0,0,0,1,0,1,0,0,0
2020-04-07T23:30:00,1,0,0,0,0,2,0,0,0,0,0,1,0,1,2,0,0,0,0
2020-04-07T23:35:00,1,1,0,0,1,0,0,1,0,0,0,1,0,0,1,1,1,0,0
2020-04-07T23:40:00,0,1,1,0,1,1,0,0,1,0,1,0,0,0,1,0,0,0,0
2020-04-07T23:45:00,1,0,2,1,1,3,0,0,0,0,0,0,0,1,2,0,1,0,1
2020-04-07T23:50:00,0,0,1,0,0,0,0,0,0,0,0,0,0,0,1,0,0,0,0
2020-04-07T23:55:00,1,0,0,0,0,3,0,0,0,0,0,0,1,1,3,0,1,0,0
2020-04-08T00:00:00,0,0,0,0,1,0,0,1,0,0,0,0,1,0,0,1,0,0,0
2020-04-08T00:05:00,0,3,1,0,1,0,0,0,1,1,0,0,0,1,1,0,0,1,4
2020-04-08T00:10:00,0,0,0,0,1,2,0,0,1,0,0,0,0,0,1,0,0,0,0
2020-04-08T00:15:00,0,0,0,0,0,0,0,1,0,0,0,0,1,0,1,0,0,1,0
2020-04-08T00:20:00,0,1,0,1,1,2,0,1,0,0,0,0,0,0,0,0,0,0,0
2020-04-08T00:25:00,0,0,2,0,1,0,0,1,2,1,0,0,1,0,0,0,0,0,0
2020-04-08T00:30:00,0,0,2,0,1,1,0,1,0,0,0,0,0,0,0,0,0,1,0
2020-04-08T00:35:00,0,0,1,0,0,0,0,0,2,1,1,0,0,0,2,0,0,0,0
2020-04-08T00:40:00,0,0,0,0,0,0,0,1,1,0,0,0,0,0,1,0,0,1,1
2020-04-08T00:45:00,0,2,1,0,0,4,0,2,1,0,0,0,0,0,1,0,0,0,0
2020-04-08T00:50:00,2,1,0,2,0,0,0,0,1,0,0,2,0,0,1,0,0,1,0
2020-04-08T00:55:00,0,0,0,0,0,0,0,2,1,0,0,1,0,0,2,0,0,0,0
2020-04-08T01:00:00,0,1,1,0,0,1,0,2,1,0,0,0,0,0,1,1,1,0,1
2020-04-08T01:05:00,0,2,0,0,0,0,0,3,1,0,0,0,0,1,2,1,1,1,1
2020-04-08T01:10:00,0,2,0,1,0,0,0,2,1,0,0,1,0,0,1,0,1,1,1
2020-04-08T01:15:00,0,0,0,0,0,1,0,1,0,0,0,0,0,1,2,0,1,0,0
2020-04-08T01:20:00,0,1,2,0,0,0,0,1,0,0,0,1,0,2,0,2,1,0,0
2020-04-08T01:25:00,0,0,0,0,0,0,0,1,1,1,0,0,1,0,2,0,0,0,0
2020-04-08T01:30:00,0,0,1,0,0,1,0,2,1,0,1,0,2,0,2,0,0,1,0
2020-04-08T01:35:00,0,1,0,0,0,1,0,1,0,0,1,0,0,0,0,0,0,0,0
2020-04-08T01:40:00,0,2,1,0,0,0,0,0,0,0,1,0,0,0,0,0,1,0,1
2020-04-08T01:45:00,2,3,0,0,1,2,0,1,0,0,1,1,0,0,1,0,0,0,2
2020-04-08T01:50:00,0,2,0,1,0,0,0,0,0,0,1,0,1,0,0,0,1,0,0
2020-04-08T01:55:00,0,0,1,0,0,0,0,1,1,1,0,1,0,2,1,0,0,0,0
2020-04-08T02:00:00,0,0,1,1,0,2,0,0,0,1,0,0,1,1,0,1,0,0,1
2020-04-08T02:05:00,0,1,0,0,1,0,0,1,0,1,0,0,0,0,0,0,0,2,1
2020-04-08T02:10:00,0,0,0,0,0,1,0,0,1,1,0,0,1,0,0,0,0,0,0
2020-04-08T02:15:00,0,1,1,0,0,0,0,1,1,1,0,0,0,2,0,0,0,0,1
2020-04-08T02:20:00,0,1,0,0,1,2,0,0,1,0,0,0,0,0,2,0,0,0,0
2020-04-08T02:25:00,0,0,0,0,0,1,0,0,0,0,1,0,0,1,1,0,0,0,0
2020-04-08T02:30:00,1,2,1,1,1,0,0,1,1,0,0,1,0,0,1,0,0,0,0
2020-04-08T02:35:00,0,1,1,0,0,3,0,1,0,0,0,0,1,1,0,0,0,0,0
2020-04-08T02:40:00,0,1,1,0,0,2,0,1,2,1,0,2,0,1,0,1,0,2,0
2020-04-08T02:45:00,0,1,0,1,0,0,0,0,0,0,0,0,0,0,0,2,1,0,0
2020-04-08T02:50:00,2,1,0,0,0,0,0,1,1,1,0,0,0,1,0,0,0,0,0
2020-04-08T02:55:00,0,2,1,0,1,1,0,0,0,0,0,1,0,0,0,0,0,0,0
2020-04-08T03:00:00,1,0,0,1,0,1,0,0,1,0,0,0,0,2,2,0,0,2,2
2020-04-08T03:05:00,0,0,1,0,0,1,0,0,1,0,0,0,1,1,1,0,0,0,0
2020-04-08T03:10:00,0,2,0,0,1,1,0,1,2,0,0,0,0,0,0,0,0,0,0
2020-04-08T03:15:00,0,1,0,2,0,1,0,0,0,1,0,0,0,0,4,0,0,0,0
2020-04-08T03:20:00,0,2,2,0,0,0,0,0,0,0,0,2,0,2,1,1,0,0,0
2020-04-08T03:25:00,1,2,2,0,0,0,0,0,0,0,0,0,0,0,1,0,0,0,0
2020-04-08T03:30:00,0,1,0,0,0,1,0,0,0,0,0,0,0,1,0,0,0,0,0
2020-04-08T03:35:00,0,0,1,0,0,1,0,0,1,2,0,0,0,2,1,0,0,0,1
2020-04-08T03:40:00,1,0,0,0,0,3,0,2,1,1,1,0,1,0,1,0,0,1,0
2020-04-08T03:45:00,1,0,0,0,0,2,0,2,1,0,0,0,0,0,1,0,0,1,0
2020-04-08T03:50:00,0,0,0,1,1,2,0,2,0,0,0,0,0,1,1,0,0,0,0
2020-04-08T03:55:00,0,1,0,1,0,1,0,1,0,1,0,0,0,0,0,0,1,0,0
2020-04-08T04:00:00,0,0,0,1,0,2,0,0,5,0,0,0,0,0,1,0,0,0,1
2020-04-08T04:05:00,0,2,1,0,1,0,0,0,2,0,0,0,0,1,1,2,0,0,1
2020-04-08T04:10:00,1,3,0,0,1,0,0,1,0,0,0,1,1,1,0,0,0,0,0
2020-04-08T04:15:00,0,0,1,1,1,4,0,2,2,0,0,0,0,0,2,0,0,0,0
2020-04-08T04:20:00,1,1,1,0,1,2,0,1,3,0,0,0,0,0,2,0,0,0,0
2020-04-08T04:25:00,1,0,2,0,1,0,0,0,0,1,1,0,0,0,1,0,0,0,1
2020-04-08T04:30:00,1,0,0,0,0,2,0,0,0,0,0,1,0,0,0,0,1,1,0
2020-04-08T04:35:00,0,1,0,0,0,0,0,0,0,0,0,0,0,0,0,0,0,0,0
2020-04-08T04:40:00,1,0,1,0,0,0,0,0,0,1,0,1,1,0,1,0,0,0,1
2020-04-08T04:45:00,0,1,1,0,0,1,0,0,0,0,0,1,0,1,0,1,0,0,0
2020-04-08T04:50:00,0,0,1,0,1,1,0,4,0,0,0,0,0,1,1,0,0,0,0
2020-04-08T04:55:00,0,0,0,1,0,1,0,0,0,1,0,0,0,0,2,0,0,0,0
2020-04-08T05:00:00,0,0,1,0,0,3,0,0,0,0,1,0,0,0,0,0,0,2,0
2020-04-08T05:05:00,0,0,1,0,0,0,0,1,1,1,0,0,0,0,0,0,0,0,0
2020-04-08T05:10:00,0,0,2,0,2,1,0,1,0,0,0,1,0,0,1,0,0,0,0
2020-04-08T05:15:00,0,0,1,0,0,0,0,1,0,0,0,0,0,0,5,1,0,0,1
2020-04-08T05:20:00,0,1,0,0,1,0,0,1,1,0,0,1,0,0,0,0,1,0,0
2020-04-08T05:25:00,0,0,0,0,0,0,0,0,1,0,0,0,0,0,2,1,0,0,1
2020-04-08T05:30:00,0,0,1,0,1,0,0,2,1,1,0,0,0,0,1,0,0,1,1
2020-04-08T05:35:00,0,0,0,1,0,1,0,0,1,1,0,0,1,2,1,0,0,0,0
2020-04-08T05:40:00,1,2,0,0,0,0,0,0,1,0,0,0,0,0,2,0,1,0,0
2020-04-08T05:45:00,0,2,1,0,1,1,0,0,1,1,0,0,0,1,0,1,0,0,0
2020-04-08T05:50:00,0,2,0,0,0,2,0,2,0,0,1,0,0,0,1,1,0,0,0
2020-04-08T05:55:00,0,1,0,0,0,1,0,1,1,0,2,0,0,1,1,1,0,0,0
2020-04-08T06:00:00,0,2,1,1,0,0,0,2,0,0,0,0,0,0,0,0,0,0,0
2020-04-08T06:05:00,0,0,0,0,0,1,0,0,0,0,1,0,1,1,1,1,0,0,0
2020-04-08T06:10:00,0,0,0,2,0,0,0,0,0,0,0,0,1,0,3,0,0,0,0
2020-04-08T06:15:00,0,0,1,0,0,1,0,1,1,0,0,0,0,2,0,1,1,0,0
2020-04-08T06:20:00,0,2,0,0,0,0,0,2,0,0,0,0,0,0,0,0,0,1,1
2020-04-08T06:25:00,2,1,0,0,2,1,0,1,0,0,0,1,0,2,2,1,0,0,0
2020-04-08T06:30:00,0,2,1,0,1,1,0,0,1,0,0,0,0,0,1,1,0,0,1
2020-04-08T06:35:00,0,1,1,2,0,0,0,2,0,2,0,1,0,0,0,0,0,0,1
2020-04-08T06:40:00,0,1,0,0,1,0,0,0,1,0,0,0,0,1,1,0,1,1,0
2020-04-08T06:45:00,2,0,2,0,0,1,0,0,0,0,0,0,0,1,1,0,1,0,0
2020-04-08T06:50:00,2,0,1,0,0,2,0,2,1,0,0,0,0,0,0,0,0,0,1
2020-04-08T06:55:00,0,2,1,0,0,0,0,0,1,1,0,0,0,2,1,1,1,0,2
2020-04-08T07:00:00,2,0,1,0,0,3,0,0,4,0,0,0,0,1,3,0,0,0,0
2020-04-08T07:10:00,1,0,0,0,0,1,0,1,0,0,1,0,0,0,2,1,0,0,1
2020-04-08T07:15:00,0,1,0,0,0,1,0,0,2,0,0,0,0,0,0,0,0,1,0
2020-04-08T07:20:00,0,2,2,0,0,1,0,2,2,0,1,0,0,0,1,0,0,0,0
2020-04-08T07:25:00,1,3,0,0,0,1,0,0,1,0,0,1,0,0,2,1,1,0,1
2020-04-08T07:30:00,0,1,3,0,0,0,0,0,1,0,0,0,0,0,0,0,0,1,1
2020-04-08T07:35:00,0,1,0,0,0,0,0,0,1,0,0,0,0,0,0,0,0,1,0
2020-04-08T07:40:00,1,1,0,0,0,0,0,1,0,0,0,1,1,1,0,1,0,0,0
2020-04-08T07:45:00,0,2,0,1,0,0,0,0,1,0,0,0,0,0,0,0,0,1,0
2020-04-08T07:50:00,0,1,1,1,1,0,0,0,0,1,1,0,0,0,0,0,1,0,1
2020-04-08T07:55:00,1,1,1,0,0,1,0,2,3,0,0,1,0,0,0,0,0,2,0
2020-04-08T08:00:00,0,0,0,0,1,0,0,1,1,0,0,0,0,0,1,0,1,0,1
2020-04-08T08:05:00,0,1,0,0,0,0,0,0,2,0,0,0,0,1,3,0,0,0,2
2020-04-08T08:10:00,0,1,2,0,1,1,0,0,2,0,0,0,0,0,2,0,0,0,0
2020-04-08T08:15:00,1,0,0,0,0,0,0,2,0,0,2,0,0,0,0,0,0,0,0
2020-04-08T08:20:00,0,0,2,2,1,1,0,1,0,0,0,0,0,1,0,1,0,0,0
2020-04-08T08:25:00,0,0,0,0,0,1,0,3,0,0,1,1,0,0,0,1,0,1,0
2020-04-08T08:30:00,0,1,2,0,1,1,0,0,0,0,0,0,0,1,2,1,0,0,0
2020-04-08T08:35:00,22,19,228,4,6,14,1,10,59,49,50,7,2,120,17,8,8,68,10
2020-04-08T08:40:00,55,71,510,12,25,33,2,64,156,0,120,33,7,246,63,25,17,134,22
2020-04-08T08:45:00,85,77,500,23,28,38,4,105,136,0,115,33,14,216,74,29,25,143,19
2020-04-08T08:50:00,66,79,472,27,24,47,4,121,126,0,109,36,12,199,91,34,40,145,32
2020-04-08T08:55:00,61,100,484,24,29,35,3,136,117,0,116,33,18,189,82,35,42,120,21
2020-04-08T09:00:00,62,106,435,40,36,41,5,138,109,0,106,43,11,196,90,29,30,120,26
2020-04-08T09:05:00,43,89,439,43,28,38,4,170,113,0,94,45,19,195,81,29,42,126,11
2020-04-08T09:10:00,57,90,406,54,35,36,3,152,122,0,92,39,16,189,98,33,34,130,21
2020-04-08T09:15:00,39,124,433,52,30,24,5,164,105,0,108,43,13,171,78,24,43,111,16
2020-04-08T09:20:00,41,98,0,42,29,31,7,188,86,0,74,52,15,146,78,29,39,107,16
2020-04-08T09:25:00,40,119,0,64,36,28,13,144,97,0,85,46,18,143,73,30,38,89,11
2020-04-08T09:30:00,29,96,0,45,25,22,6,180,67,0,0,56,17,124,70,27,36,94,22
2020-04-08T09:35:00,38,96,0,55,28,29,5,164,89,0,0,32,12,124,62,19,25,104,24
2020-04-08T09:40:00,35,84,0,53,22,27,2,151,87,0,0,49,9,112,65,25,28,92,16
2020-04-08T09:45:00,36,88,0,43,16,17,6,168,79,0,0,31,11,110,50,27,37,90,16
2020-04-08T09:50:00,27,87,0,41,23,19,4,162,85,0,0,32,14,109,60,29,23,86,13
2020-04-08T09:55:00,33,48,0,44,19,21,1,151,78,0,0,37,18,96,50,21,35,81,9
2020-04-08T10:00:00,26,86,0,46,14,20,4,137,73,0,0,38,19,87,45,16,21,67,17
2020-04-08T10:05:00,35,69,0,46,14,19,5,186,72,0,0,48,9,91,40,16,22,85,12
2020-04-08T10:10:00,26,67,0,37,16,19,3,203,59,0,0,51,12,86,49,18,24,70,11
2020-04-08T10:15:00,21,58,0,64,24,11,4,238,71,0,0,43,8,68,36,10,24,60,11
2020-04-08T10:20:00,6,76,0,48,23,20,2,250,65,0,0,51,10,77,52,29,26,75,14
2020-04-08T10:25:00,15,67,0,44,13,23,1,269,64,0,0,42,15,66,53,21,28,60,7
2020-04-08T10:30:00,12,73,0,42,22,32,5,254,79,0,0,40,10,83,55,11,29,67,15
2020-04-08T10:35:00,15,70,0,30,18,17,2,243,59,0,0,42,12,69,48,14,29,52,9
2020-04-08T10:40:00,9,65,0,28,20,18,1,214,63,0,0,51,8,59,44,16,27,50,12
2020-04-08T10:45:00,11,59,0,26,13,17,3,205,73,0,0,33,13,50,41,16,22,50,14
2020-04-08T10:50:00,13,57,0,41,15,23,1,199,66,0,0,30,9,55,41,15,19,47,15
2020-04-08T10:55:00,9,56,0,24,16,19,3,182,60,0,0,39,15,61,39,16,27,50,16
2020-04-08T11:00:00,15,61,0,32,20,15,0,187,62,0,0,31,8,42,44,13,16,43,8
2020-04-08T11:05:00,13,48,0,21,17,21,2,176,50,0,0,33,9,46,21,16,20,42,11
2020-04-08T11:10:00,6,61,0,23,23,23,5,160,57,0,0,31,2,38,32,17,13,51,11
2020-04-08T11:15:00,9,45,0,28,11,15,3,170,57,0,0,44,5,43,29,10,10,37,5
2020-04-08T11:20:00,7,49,0,26,18,14,2,164,44,0,0,46,10,39,32,8,14,31,9
2020-04-08T11:25:00,7,49,0,19,11,17,1,142,43,0,0,28,11,29,29,12,12,47,10
2020-04-08T11:30:00,7,36,0,19,11,11,3,134,36,0,527,28,8,37,19,6,14,28,12
2020-04-08T11:35:00,4,46,0,14,5,14,3,138,42,0,27,36,6,24,21,8,11,31,5
2020-04-08T11:40:00,4,36,0,22,10,5,2,124,40,0,24,36,7,30,20,9,8,29,5
2020-04-08T11:45:00,4,35,0,19,11,12,0,118,44,0,15,34,3,24,27,12,4,25,7
2020-04-08T11:50:00,7,34,0,16,12,12,3,106,31,0,14,21,3,30,15,12,19,27,7
2020-04-08T11:55:00,8,27,0,14,8,13,0,103,34,0,19,20,1,18,15,5,7,36,10
2020-04-08T12:00:00,3,23,0,13,13,14,0,141,112,0,14,24,1,16,21,8,10,28,1
2020-04-08T12:05:00,4,28,0,8,2,9,0,271,0,0,11,23,3,20,12,7,9,17,5
2020-04-08T12:10:00,7,18,0,11,7,9,0,257,0,0,12,25,4,14,18,5,12,20,5
2020-04-08T12:15:00,5,18,0,16,9,10,0,0,0,0,11,21,4,16,21,9,9,22,5
2020-04-08T12:20:00,3,16,0,12,9,9,1,0,0,0,17,23,3,10,10,5,7,18,11
2020-04-08T12:25:00,0,27,0,14,5,5,2,0,0,0,9,28,4,16,13,10,9,16,5
2020-04-08T12:30:00,1,22,0,14,5,9,1,0,0,0,10,22,0,20,17,5,6,16,6
2020-04-08T12:35:00,3,23,0,14,4,6,1,0,0,0,6,23,2,15,8,8,8,13,4
2020-04-08T12:40:00,3,20,0,12,4,6,0,0,0,0,11,21,5,8,12,5,11,8,4
2020-04-08T12:45:00,6,12,0,12,1,8,0,0,0,0,10,23,4,16,8,12,11,16,5
2020-04-08T12:50:00,3,18,0,10,3,6,1,0,0,0,7,18,4,10,13,5,4,10,2
2020-04-08T12:55:00,4,18,0,16,2,8,0,0,0,0,6,20,1,8,9,8,5,16,2
2020-04-08T13:00:00,3,15,0,13,5,4,1,0,0,0,7,18,0,6,6,2,11,12,2
2020-04-08T13:05:00,2,14,0,10,5,8,0,0,0,0,7,20,2,8,9,7,8,13,3
2020-04-08T13:10:00,2,10,0,7,8,5,0,0,0,0,9,17,1,4,8,5,8,12,2
2020-04-08T13:15:00,4,13,0,7,1,6,1,0,0,0,2,18,3,6,10,6,2,13,4
2020-04-08T13:20:00,4,20,0,9,2,7,0,0,0,0,4,13,2,4,8,3,3,6,2
2020-04-08T13:25:00,0,16,0,13,3,4,0,0,0,0,9,9,0,3,8,6,4,4,0
2020-04-08T13:30:00,0,12,0,11,2,3,0,0,0,0,5,20,2,7,6,3,5,9,4
2020-04-08T13:35:00,2,10,0,8,5,3,0,0,0,0,9,15,3,9,7,3,2,9,2
2020-04-08T13:40:00,1,10,0,2,4,1,0,0,0,0,4,20,1,7,4,1,5,11,2
2020-04-08T13:45:00,4,11,0,6,1,2,0,0,0,0,2,8,1,7,3,2,2,4,3
2020-04-08T13:50:00,1,7,0,5,1,6,0,0,0,0,3,10,3,2,4,2,4,7,3
2020-04-08T13:55:00,1,9,0,4,1,4,0,0,0,0,0,2,0,3,7,0,4,8,2
2020-04-08T14:00:00,1,6,0,4,1,3,0,0,0,0,9,9,1,4,3,3,1,3,2
2020-04-08T14:05:00,2,7,0,2,1,2,0,0,0,0,6,6,3,5,3,4,2,8,1
2020-04-08T14:10:00,3,10,0,4,1,2,0,0,0,0,2,10,2,5,4,4,0,3,2
2020-04-08T14:15:00,2,6,0,6,1,0,0,0,0,0,2,8,5,4,5,3,2,4,0
2020-04-08T14:20:00,0,7,0,3,0,4,0,0,0,0,2,11,0,4,6,1,1,3,2
2020-04-08T14:25:00,1,3,0,3,0,3,0,0,0,0,4,7,0,1,1,0,0,8,2
2020-04-08T14:30:00,1,1,0,5,2,2,0,0,0,0,3,14,2,1,8,3,3,5,2
2020-04-08T14:35:00,2,5,0,2,2,4,0,0,0,0,4,6,1,2,7,3,2,6,2
2020-04-08T14:40:00,1,2,0,1,1,4,0,0,0,0,2,9,0,3,3,4,2,3,1
2020-04-08T14:45:00,1,2,0,1,0,2,0,0,0,0,1,9,1,2,4,4,3,2,2
2020-04-08T14:50:00,0,5,0,4,1,1,0,0,0,0,2,8,1,4,2,2,1,3,0
2020-04-08T14:55:00,0,3,0,2,3,1,0,0,0,0,2,10,1,2,2,1,2,2,0
2020-04-08T15:00:00,0,3,0,3,2,4,0,0,0,0,2,5,1,1,1,1,2,7,0
2020-04-08T15:05:00,0,3,0,1,1,3,0,0,0,0,0,11,1,3,4,1,1,1,0
2020-04-08T15:10:00,1,4,0,5,2,0,0,0,0,0,0,9,1,1,1,0,1,5,1
2020-04-08T15:15:00,0,1,0,0,1,4,1,0,0,0,1,4,0,2,0,4,3,4,1
2020-04-08T15:20:00,0,8,0,4,0,4,0,0,0,0,2,8,0,1,5,2,0,4,1
2020-04-08T15:25:00,0,2,0,0,0,0,0,0,0,0,0,6,1,2,5,2,4,2,1
2020-04-08T15:30:00,1,4,0,1,1,0,0,0,0,0,1,4,2,2,1,1,0,4,1
2020-04-08T15:35:00,0,4,0,0,0,4,1,0,0,0,1,5,2,3,0,3,1,0,1
2020-04-08T15:40:00,1,1,0,4,2,2,0,0,0,0,0,5,1,1,1,0,1,0,1
2020-04-08T15:45:00,0,2,0,2,1,0,0,0,0,0,2,8,0,3,1,2,0,0,2
2020-04-08T15:50:00,1,3,0,2,1,2,0,0,0,0,0,6,0,0,0,2,1,2,0
2020-04-08T15:55:00,0,2,0,2,2,2,0,0,0,0,0,2,0,3,2,2,0,3,0
2020-04-08T16:00:00,0,3,0,5,2,3,0,0,0,0,1,4,0,3,1,3,0,0,0
2020-04-08T16:05:00,1,2,0,0,1,1,0,0,0,0,2,7,0,1,2,0,0,4,0
2020-04-08T16:10:00,0,4,0,1,1,0,0,0,0,0,1,5,1,0,1,1,0,1,2
2020-04-08T16:15:00,3,3,0,2,0,5,0,0,0,0,1,4,0,1,3,1,2,2,0
2020-04-08T16:20:00,2,1,0,2,1,3,0,0,0,0,0,3,0,0,0,0,0,0,0
2020-04-08T16:25:00,1,4,0,1,0,2,1,0,0,0,1,2,0,1,1,0,1,0,1
2020-04-08T16:30:00,0,3,0,0,0,1,0,0,0,0,1,3,2,0,0,2,0,1,0
2020-04-08T16:35:00,0,4,0,2,1,0,0,0,0,0,0,5,1,0,2,1,0,0,0
2020-04-08T16:40:00,0,2,0,1,0,1,0,0,0,0,2,2,1,0,1,0,0,2,0
2020-04-08T16:45:00,0,3,0,1,0,1,0,0,0,0,1,3,0,2,0,2,1,1,1
2020-04-08T16:50:00,0,4,0,2,0,1,1,0,0,0,1,2,0,1,2,3,0,1,0
2020-04-08T16:55:00,0,4,0,4,0,1,0,0,0,0,0,5,0,1,1,3,0,1,2
2020-04-08T17:00:00,0,3,0,1,0,3,0,0,0,0,2,2,2,2,1,0,0,0,0
2020-04-08T17:05:00,0,2,0,1,2,3,0,0,0,0,0,3,0,1,2,0,0,1,0
2020-04-08T17:10:00,0,2,0,1,1,0,0,0,0,0,0,4,1,1,1,3,1,0,1
2020-04-08T17:15:00,2,0,0,0,1,2,0,0,0,0,0,1,0,0,1,0,0,2,1
2020-04-08T17:20:00,0,1,0,1,0,2,0,0,0,0,0,3,0,2,0,0,1,2,0
2020-04-08T17:25:00,1,1,0,0,2,1,0,0,0,0,0,2,0,1,2,0,0,3,1
2020-04-08T17:30:00,0,3,0,2,1,1,0,0,0,0,0,3,0,1,1,0,0,0,2
2020-04-08T17:35:00,0,0,0,1,0,1,0,0,0,0,0,2,0,1,2,1,0,2,0
2020-04-08T17:40:00,0,0,0,0,0,2,0,0,0,0,0,6,0,0,0,1,0,0,0
2020-04-08T17:45:00,1,1,0,0,0,0,1,0,0,0,0,3,0,1,0,0,0,0,0
2020-04-08T17:50:00,1,0,0,1,0,1,0,0,0,0,1,0,0,2,0,0,0,0,0
2020-04-08T17:55:00,0,1,0,0,0,0,0,0,0,0,0,2,1,1,1,0,1,1,0
2020-04-08T18:00:00,0,0,0,0,2,0,0,0,0,0,0,2,0,0,2,0,0,0,0
2020-04-08T18:05:00,0,1,0,0,1,1,0,0,0,0,2,1,1,0,1,0,1,1,0
2020-04-08T18:10:00,0,1,0,0,1,2,0,0,0,0,1,3,0,0,3,0,0,1,1
2020-04-08T18:15:00,1,0,0,1,0,1,0,0,0,0,1,0,1,1,0,0,1,1,1
2020-04-08T18:20:00,0,2,0,2,0,1,0,0,0,0,1,0,0,0,0,0,0,2,0
2020-04-08T18:25:00,0,3,0,0,0,3,0,0,0,0,0,4,0,0,0,0,0,2,0
2020-04-08T18:30:00,0,1,0,0,0,0,0,0,0,0,0,0,1,1,1,0,0,1,0
2020-04-08T18:35:00,0,0,0,1,0,1,0,0,0,0,1,0,0,0,1,1,0,0,0
2020-04-08T18:40:00,0,1,0,0,0,0,0,0,0,0,0,1,0,1,1,0,0,0,0
2020-04-08T18:45:00,0,2,0,1,0,3,0,0,0,0,0,2,0,0,0,1,1,0,0
2020-04-08T18:50:00,0,0,0,0,0,3,0,0,0,0,0,3,1,0,1,2,0,1,0
2020-04-08T18:55:00,1,2,0,0,0,1,0,0,0,0,0,3,0,0,0,0,0,1,1
2020-04-08T19:00:00,0,1,0,0,0,0,0,0,0,0,0,0,0,0,0,0,0,2,0
2020-04-08T19:05:00,0,2,0,0,1,1,0,0,0,0,0,2,0,1,1,0,0,0,1
2020-04-08T19:10:00,0,1,0,1,0,0,0,0,0,0,0,1,0,0,2,0,0,1,1
2020-04-08T19:15:00,0,2,0,0,0,3,0,0,0,0,0,0,0,0,0,1,0,0,0
2020-04-08T19:20:00,0,1,0,0,1,4,0,0,0,0,1,0,0,1,0,0,0,0,0
2020-04-08T19:25:00,0,0,0,0,0,0,0,0,0,0,1,0,1,0,3,0,0,0,1
2020-04-08T19:30:00,0,1,0,1,1,1,0,0,0,0,1,0,0,1,1,0,0,0,0
2020-04-08T19:35:00,0,0,0,0,0,0,0,0,0,0,0,2,0,0,1,0,0,0,1
2020-04-08T19:40:00,0,0,0,0,1,2,0,0,0,0,0,1,0,0,1,0,0,1,0
2020-04-08T19:45:00,0,2,0,1,1,2,0,0,0,0,0,0,0,0,1,0,0,0,1
2020-04-08T19:50:00,1,0,0,0,0,3,0,0,0,0,2,0,0,0,1,1,0,0,1
2020-04-08T19:55:00,0,0,0,0,0,1,0,0,0,0,0,1,1,0,4,0,0,0,0
2020-04-08T20:00:00,1,0,0,0,0,0,0,0,0,0,0,5,0,0,2,1,0,1,0
2020-04-08T20:05:00,0,0,0,0,1,0,0,0,0,0,0,1,0,0,0,0,0,0,0
2020-04-08T20:10:00,1,2,0,0,0,0,0,0,0,0,0,0,0,0,0,1,1,0,0
2020-04-08T20:15:00,1,1,0,0,0,0,0,0,0,0,0,0,0,0,1,0,0,0,0
2020-04-08T20:20:00,1,1,0,0,0,0,0,0,0,0,0,0,0,0,2,1,0,0,0
2020-04-08T20:25:00,2,3,0,0,2,2,0,0,0,0,0,0,0,1,0,1,0,0,1
2020-04-08T20:30:00,0,0,0,0,2,0,0,0,0,0,0,0,0,1,0,0,0,0,0
2020-04-08T20:35:00,0,2,0,0,0,0,0,0,0,0,0,0,1,3,0,0,0,0,0
2020-04-08T20:40:00,1,2,0,0,0,3,0,0,0,0,0,1,0,0,0,2,0,1,0
2020-04-08T20:45:00,0,0,0,0,0,0,0,0,0,0,0,2,0,2,1,0,0,0,0
2020-04-08T20:50:00,0,0,0,0,0,2,0,0,0,0,1,0,0,1,0,0,1,2,0
2020-04-08T20:55:00,1,0,0,0,0,2,0,0,0,0,1,1,0,0,3,0,0,1,0
2020-04-08T21:00:00,0,2,0,0,0,2,0,0,0,0,0,0,0,0,1,0,0,0,0
2020-04-08T21:05:00,1,3,0,0,0,0,0,0,0,0,1,0,0,0,1,0,0,0,0
2020-04-08T21:10:00,1,2,0,0,0,3,0,0,0,0,0,0,0,0,0,0,0,0,0
2020-04-08T21:15:00,1,1,0,0,0,3,0,0,0,0,0,0,0,0,0,0,0,0,0
2020-04-08T21:20:00,1,1,0,1,0,0,0,0,0,0,0,0,1,0,2,0,0,1,0
2020-04-08T21:25:00,0,2,0,0,0,3,0,0,0,0,1,2,0,0,1,0,0,0,0
2020-04-08T21:30:00,0,0,0,0,0,1,0,0,0,0,0,0,0,2,0,0,0,0,0
2020-04-08T21:35:00,0,1,0,0,0,2,0,0,0,0,0,1,1,0,2,0,0,0,0
2020-04-08T21:40:00,0,1,0,0,0,2,0,0,0,0,0,0,0,0,0,0,0,0,1
2020-04-08T21:45:00,1,1,0,0,0,0,0,0,0,0,0,0,0,0,1,0,0,0,0
2020-04-08T21:50:00,0,2,0,0,0,1,0,0,0,0,1,0,0,0,1,0,0,0,1
2020-04-08T21:55:00,0,0,0,0,0,0,0,0,0,0,0,1,0,1,0,0,0,1,0
2020-04-08T22:00:00,0,1,0,0,1,2,0,0,0,0,0,0,0,0,2,0,0,0,0
2020-04-08T22:05:00,0,1,0,1,0,3,0,0,0,0,0,0,0,0,0,2,0,0,0
2020-04-08T22:10:00,1,3,0,0,1,0,0,0,0,0,0,1,0,0,1,0,0,0,1
2020-04-08T22:15:00,0,1,0,0,1,3,0,0,0,0,1,0,0,0,2,0,0,0,0
2020-04-08T22:20:00,1,0,0,0,0,0,0,0,0,0,1,1,0,0,1,1,0,1,0
2020-04-08T22:25:00,2,0,0,0,0,0,0,0,0,0,0,0,0,0,2,0,0,1,0
2020-04-08T22:30:00,1,1,0,0,0,0,0,0,0,0,0,0,0,0,2,0,0,0,0
2020-04-08T22:35:00,1,1,0,0,0,0,0,0,0,0,0,0,0,1,0,0,0,1,0
2020-04-08T22:40:00,0,2,0,1,0,2,0,0,0,0,0,1,0,0,2,1,0,0,0
2020-04-08T22:45:00,1,0,0,0,1,0,0,0,0,0,0,0,0,0,0,0,0,0,1
2020-04-08T22:50:00,0,2,0,0,0,1,0,0,0,0,0,0,0,1,1,0,0,0,0
2020-04-08T22:55:00,2,1,0,0,0,0,0,0,0,0,0,0,0,1,1,0,0,0,0
2020-04-08T23:00:00,0,0,0,0,0,1,0,0,0,0,2,0,0,0,1,2,0,0,1
2020-04-08T23:05:00,1,0,0,0,0,2,0,0,0,0,0,1,0,0,1,0,0,0,1
2020-04-08T23:10:00,0,2,0,0,0,0,0,0,0,0,0,0,0,0,1,0,0,1,0
2020-04-08T23:15:00,0,1,0,0,0,1,0,0,0,0,0,0,0,2,2,0,1,0,0
2020-04-08T23:20:00,0,0,0,0,1,1,0,0,0,0,0,0,0,0,2,1,0,0,0
2020-04-08T23:25:00,0,0,0,1,0,1,0,0,0,0,0,0,0,0,0,0,0,0,1
2020-04-08T23:30:00,0,1,0,1,0,4,0,0,0,0,0,1,0,0,0,0,0,0,0
2020-04-08T23:35:00,0,0,0,0,0,1,0,0,0,0,0,0,0,0,0,0,0,1,0
2020-04-08T23:40:00,0,0,0,0,0,0,0,0,0,0,0,2,0,0,1,0,0,0,0
2020-04-08T23:45:00,0,0,0,0,0,5,0,0,1894,0,1,1,0,0,0,1,0,0,0
2020-04-08T23:50:00,0,0,0,0,0,1,0,0,0,0,0,0,0,0,3,1,0,0,0
2020-04-08T23:55:00,0,0,0,0,0,1,0,0,1,0,0,0,1,0,1,0,0,0,1
2020-04-09T00:00:00,0,0,0,0,1,0,0,0,1,0,0,1,0,0,1,0,0,0,0
2020-04-09T00:05:00,0,1,0,0,0,3,0,0,0,0,0,1,1,0,0,1,0,0,0
2020-04-09T00:10:00,0,1,0,0,0,0,0,0,0,0,0,0,0,0,0,0,0,1,0
2020-04-09T00:15:00,0,2,0,0,0,1,0,0,0,0,0,0,0,1,1,0,0,1,0
2020-04-09T00:20:00,1,1,0,0,1,1,0,0,0,0,1,0,0,2,1,0,0,0,0
2020-04-09T00:25:00,0,2,0,0,0,2,0,0,0,0,0,0,0,2,1,0,0,0,0
2020-04-09T00:30:00,0,1,0,0,1,1,0,0,0,0,0,0,0,0,2,0,1,0,0
2020-04-09T00:35:00,1,1,0,0,0,0,0,0,3,0,0,1,0,1,1,0,0,1,1
2020-04-09T00:40:00,0,0,0,0,0,1,0,0,2,0,0,0,0,0,0,3,1,0,0
2020-04-09T00:45:00,1,0,0,0,0,2,0,0,1,0,0,0,1,0,1,1,0,0,0
2020-04-09T00:50:00,0,0,0,0,0,1,0,0,0,0,0,0,0,1,2,0,0,1,1
2020-04-09T00:55:00,0,0,0,0,2,0,0,0,1,0,0,0,0,0,0,1,0,0,0
2020-04-09T01:00:00,0,1,4482,0,0,0,0,0,0,0,0,0,0,0,0,0,1,1,0
2020-04-09T01:05:00,0,4,0,0,0,2,0,0,1,0,1,0,0,2,0,1,0,1,0
2020-04-09T01:10:00,0,0,0,0,0,1,0,0,0,0,0,0,1,0,1,0,0,0,0
2020-04-09T01:15:00,0,1,3,1,1,0,0,0,1,0,0,1,0,0,1,0,0,0,0
2020-04-09T01:20:00,0,1,0,0,1,2,0,0,0,0,1,2,0,1,0,1,0,0,0
2020-04-09T01:25:00,1,2,1,0,1,1,0,0,0,0,0,0,1,0,0,0,1,1,1
2020-04-09T01:30:00,0,2,0,1,0,0,0,0,1,0,0,0,0,0,0,0,0,0,1
2020-04-09T01:35:00,0,0,1,0,2,3,0,0,0,0,0,0,0,0,0,0,0,0,0
2020-04-09T01:40:00,1,1,1,0,0,0,0,0,1,0,1,0,0,0,0,1,1,0,0
2020-04-09T01:45:00,0,2,0,0,0,0,0,0,1,0,0,0,0,0,1,0,1,2,0
2020-04-09T01:50:00,1,1,2,0,1,1,0,0,0,0,0,0,0,0,0,0,0,0,0
2020-04-09T01:55:00,0,0,0,0,1,1,0,0,2,0,1,1,0,0,0,0,0,0,0
2020-04-09T02:00:00,1,1,0,0,0,2,0,0,3,0,0,0,0,1,1,0,0,0,0
2020-04-09T02:05:00,1,2,0,0,1,2,0,0,0,0,0,0,2,0,2,0,1,0,0
2020-04-09T02:10:00,2,0,2,0,0,1,0,0,0,0,0,0,0,0,0,1,1,0,0
2020-04-09T02:15:00,0,0,0,0,0,1,0,0,1,0,1,1,0,1,4,1,0,0,0
2020-04-09T02:20:00,0,1,2,0,0,0,0,0,0,0,0,2,2,0,0,0,1,0,0
2020-04-09T02:25:00,0,0,0,0,0,1,0,0,2,0,0,1,0,1,0,0,0,0,0
2020-04-09T02:30:00,0,1,2,0,0,1,0,0,0,0,0,0,0,1,1,1,0,1,2
2020-04-09T02:35:00,1,0,0,0,0,2,0,0,0,0,0,0,0,0,0,0,0,0,0
2020-04-09T02:40:00,0,0,0,0,0,1,0,0,0,0,1,1,0,0,0,0,1,0,0
2020-04-09T02:45:00,0,2,0,0,0,1,0,0,0,0,0,0,0,1,1,0,0,0,1
2020-04-09T02:50:00,0,2,1,0,0,1,0,0,1,0,0,0,0,0,1,1,0,1,0
2020-04-09T02:55:00,0,0,3,0,1,0,0,0,0,0,0,0,0,0,0,0,0,0,0
2020-04-09T03:00:00,0,0,2,0,1,1,0,0,1,0,0,1,0,0,0,0,0,0,0
2020-04-09T03:05:00,0,1,0,1,2,2,0,0,0,0,0,0,0,0,2,1,0,0,0
2020-04-09T03:10:00,0,0,0,0,1,0,0,0,0,0,0,0,0,0,1,0,0,2,2
2020-04-09T03:15:00,0,0,0,0,0,0,0,0,0,0,0,0,0,0,0,1,0,0,0
2020-04-09T03:20:00,0,0,1,0,1,2,0,0,0,0,0,0,0,1,2,0,0,0,2
2020-04-09T03:25:00,0,0,1,1,0,1,0,0,0,0,0,0,0,0,0,0,0,0,0
2020-04-09T03:30:00,1,0,1,0,0,1,0,0,0,0,0,0,1,0,1,0,0,0,0
2020-04-09T03:35:00,0,1,0,1,0,1,0,0,1,0,0,0,0,0,0,0,2,0,0
2020-04-09T03:40:00,1,0,0,0,1,2,0,0,2,0,0,0,0,0,1,0,0,0,0
2020-04-09T03:45:00,0,0,0,0,0,0,0,0,0,0,1,0,1,0,3,0,2,3,0
2020-04-09T03:50:00,0,1,1,1,0,1,0,0,0,0,0,0,0,0,3,1,0,1,0
2020-04-09T03:55:00,0,4,0,0,1,1,0,0,1,0,0,0,0,0,1,0,0,0,0
2020-04-09T04:00:00,0,0,1,0,0,0,0,0,0,0,0,0,0,1,1,0,0,1,0
2020-04-09T04:05:00,0,2,1,0,0,0,0,0,1,0,1,0,0,0,2,0,0,2,0
2020-04-09T04:10:00,0,0,2,0,0,0,0,0,1,0,0,0,0,1,1,0,0,0,0
2020-04-09T04:15:00,0,0,0,0,0,1,0,0,3,0,0,0,0,0,1,0,0,0,0
2020-04-09T04:20:00,1,1,0,0,0,1,0,0,1,0,0,1,0,1,0,1,0,0,0
2020-04-09T04:25:00,0,0,4,0,0,1,0,0,3,0,0,0,0,0,1,0,1,0,0
2020-04-09T04:30:00,0,0,2,0,0,0,0,0,1,0,1,0,0,0,2,0,0,0,0
2020-04-09T04:35:00,0,2,0,1,0,0,0,0,1,0,0,0,0,2,1,0,0,0,0
2020-04-09T04:40:00,0,0,0,0,1,0,0,0,1,1373,0,0,0,2,1,0,0,0,1
2020-04-09T04:45:00,2,0,0,0,0,0,0,0,1,1,1,0,0,0,0,0,0,0,1
2020-04-09T04:50:00,0,0,1,0,0,0,0,0,0,1,1,0,0,0,0,0,0,0,0
2020-04-09T04:55:00,0,0,0,0,0,0,0,0,1,0,0,0,0,1,1,0,0,1,1
2020-04-09T05:00:00,0,0,2,0,1,1,0,0,0,0,0,0,0,0,0,0,0,1,0
2020-04-09T05:05:00,0,0,1,0,0,0,0,0,1,0,0,0,0,0,0,1,0,0,0
2020-04-09T05:10:00,0,0,3,1,0,2,0,0,0,0,0,0,0,2,0,1,0,0,0
2020-04-09T05:15:00,1,1,0,0,0,1,0,0,1,0,1,1,0,0,1,0,0,0,3
2020-04-09T05:20:00,0,3,0,0,1,0,0,0,0,1,0,1,0,0,1,2,0,0,0
2020-04-09T05:25:00,0,1,0,0,0,1,0,0,1,0,0,0,1,0,0,0,0,1,0
2020-04-09T05:30:00,2,0,2,0,0,2,0,0,0,2,0,1,0,1,0,0,0,1,0
2020-04-09T05:35:00,0,1,1,0,1,2,0,0,1,0,0,0,0,2,0,0,1,1,0
2020-04-09T05:40:00,0,0,0,0,0,1,0,0,2,1,0,0,0,1,3,0,0,0,2
2020-04-09T05:45:00,0,0,0,0,0,0,0,0,0,1,0,0,0,2,0,0,0,2,0
2020-04-09T05:50:00,0,1,0,0,0,1,0,0,0,0,0,0,0,3,0,2,1,0,1
2020-04-09T05:55:00,0,2,1,0,0,0,0,0,4,1,0,0,0,0,1,0,0,0,0
2020-04-09T06:00:00,0,1,1,0,1,2,0,0,1,0,1,1,0,0,2,0,0,0,0
2020-04-09T06:05:00,0,0,1,0,0,0,0,0,0,0,0,0,0,2,1,1,0,0,1
2020-04-09T06:10:00,0,0,0,1,1,1,0,0,0,1,0,2,0,0,1,0,0,1,0
2020-04-09T06:15:00,1,1,0,0,0,1,0,0,0,0,0,0,0,1,2,2,0,1,0
2020-04-09T06:20:00,1,0,0,0,1,3,0,0,3,0,0,0,0,1,2,0,0,0,0
2020-04-09T06:25:00,1,0,0,0,0,1,0,0,1,0,0,0,0,0,0,0,0,0,0
2020-04-09T06:30:00,0,0,1,0,0,1,0,0,0,0,0,0,0,0,2,0,0,0,1
2020-04-09T06:35:00,0,0,1,2,0,0,0,0,0,1,0,1,1,1,2,1,0,1,0
2020-04-09T06:40:00,0,0,0,0,0,1,0,0,0,0,0,0,1,0,0,0,1,0,0
2020-04-09T06:45:00,1,0,0,1,0,1,0,0,0,0,0,1,0,1,1,0,0,0,0
2020-04-09T06:50:00,0,2,0,0,1,2,0,0,0,0,0,0,0,0,2,0,0,0,0
2020-04-09T06:55:00,0,1,3,0,0,0,0,0,0,0,0,1,0,0,0,1,1,1,0
2020-04-09T07:00:00,0,0,0,0,0,1,0,0,0,0,1,0,1,2,2,0,1,0,0
2020-04-09T07:05:00,0,0,0,0,0,1,0,0,1,0,1,0,0,1,0,0,0,0,1
2020-04-09T07:10:00,0,2,0,0,0,2,0,0,1,0,0,1,0,0,2,0,0,0,0
2020-04-09T07:15:00,1,2,0,0,0,1,0,0,0,1,0,0,0,0,2,1,0,0,0
2020-04-09T07:20:00,0,1,1,0,0,2,0,0,0,0,1,0,0,0,0,0,0,0,0
2020-04-09T07:25:00,0,2,0,0,0,2,0,0,2,0,0,0,0,0,0,0,0,0,1
2020-04-09T07:30:00,0,2,1,0,0,0,0,0,2,0,0,0,0,0,2,1,0,0,0
2020-04-09T07:35:00,1,0,1,0,0,0,0,0,0,0,0,2,0,0,2,0,0,0,0
2020-04-09T07:40:00,0,0,0,0,0,0,0,0,1,1,0,0,0,1,0,0,0,0,0
2020-04-09T07:45:00,0,2,0,0,0,0,0,0,1,0,0,1,0,0,1,0,0,0,1
2020-04-09T07:50:00,0,2,0,0,0,1,0,0,2,0,0,1,0,1,1,0,0,1,0
2020-04-09T07:55:00,0,0,1,0,0,0,0,0,0,1,1,0,0,1,1,0,1,0,0
2020-04-09T08:00:00,1,0,1,0,0,1,0,0,1,0,0,0,0,0,0,0,0,0,0
2020-04-09T08:05:00,1,1,0,0,0,0,0,0,0,0,0,0,0,2,1,0,0,0,0
2020-04-09T08:10:00,0,1,2,0,0,0,0,0,1,1,1,0,0,3,1,0,0,0,0
2020-04-09T08:15:00,0,1,1,0,0,1,0,0,0,0,2,0,0,1,0,1,0,2,1
2020-04-09T08:20:00,0,1,0,1,0,1,0,0,0,0,0,1,0,0,0,0,0,0,0
2020-04-09T08:25:00,1,1,2,0,0,1,0,0,0,0,0,0,0,0,0,0,0,1,0
2020-04-09T08:30:00,1,0,0,0,0,0,0,0,0,0,1,0,0,0,1,0,0,0,0
2020-04-09T08:35:00,0,1,0,0,2,0,0,0,0,0,0,0,0,0,0,0,1,0,0
2020-04-09T08:40:00,1,0,1,0,0,2,0,0,0,0,0,1,0,0,0,1,0,0,1
2020-04-09T08:45:00,0,0,1,0,0,0,0,0,2,0,0,0,0,0,0,0,0,0,0
2020-04-09T08:50:00,0,1,0,0,0,3,0,0,1,0,1,0,0,0,2,1,0,1,0
2020-04-09T08:55:00,0,0,0,1,0,2,0,0,1,0,0,0,0,0,0,0,1,0,0
2020-04-09T09:00:00,0,0,0,0,0,1,0,0,0,0,0,0,0,0,0,0,0,0,0
2020-04-09T09:05:00,0,0,0,0,0,0,0,0,2,0,1,0,0,0,1,0,1,0,0
2020-04-09T09:10:00,0,0,0,1,0,1,0,0,1,0,0,0,0,0,3,0,0,0,0
2020-04-09T09:15:00,0,0,1,1,0,1,0,2787,0,0,1,0,0,0,0,0,0,0,0
2020-04-09T09:20:00,1,0,2,0,0,0,0,1,1,0,1,0,0,0,1,0,0,0,1
2020-04-09T09:25:00,0,0,3,0,0,0,0,2,0,0,0,0,1,0,0,0,0,0,2
2020-04-09T09:30:00,1,0,1,0,0,2,0,0,0,1,1,0,0,0,0,0,0,0,0
2020-04-09T09:35:00,0,0,1,0,0,1,0,1,0,0,0,0,0,0,0,0,0,2,1
2020-04-09T09:40:00,0,1,0,0,0,1,0,0,0,2,0,0,0,0,2,0,0,0,0
2020-04-09T09:45:00,1,1,2,1,0,1,0,0,3,0,0,0,0,1,0,1,0,0,2
2020-04-09T09:50:00,1,0,2,0,0,0,0,0,0,1,0,1,0,1,1,0,1,0,0
2020-04-09T09:55:00,0,1,0,0,0,2,0,0,0,2,0,0,0,0,0,0,1,0,0
2020-04-09T10:00:00,1,3,0,0,1,0,0,1,3,1,0,0,0,0,0,1,0,0,0
2020-04-09T10:05:00,0,1,1,0,0,1,0,1,0,0,0,0,0,2,0,1,1,1,0
2020-04-09T10:10:00,0,0,1,1,1,0,0,2,1,0,0,0,0,0,0,1,0,0,0
2020-04-09T10:15:00,0,1,1,0,0,0,0,1,0,0,0,0,0,0,0,0,1,0,0
2020-04-09T10:20:00,0,1,1,0,0,0,0,1,0,0,0,0,1,0,3,0,1,0,0
2020-04-09T10:25:00,0,2,0,0,1,0,0,0,2,1,0,1,0,0,1,0,0,1,0
2020-04-09T10:30:00,1,1,1,0,0,2,0,0,1,0,0,0,0,0,2,1,0,1,0
2020-04-09T10:35:00,0,0,1,0,1,0,0,0,1,0,0,1,0,0,0,0,0,1,0
2020-04-09T10:40:00,0,1,0,0,0,1,0,0,0,1,0,0,0,0,4,0,0,0,0
2020-04-09T10:45:00,0,1,2,0,1,2,0,1,0,0,0,1,1,1,0,1,0,0,0
2020-04-09T10:50:00,1,1,2,0,0,0,0,0,0,0,1,0,1,1,1,0,0,0,1
2020-04-09T10:55:00,0,1,0,0,0,0,0,1,0,0,1,1,1,0,0,0,0,1,0
2020-04-09T11:00:00,0,0,0,2,0,1,0,3,1,0,0,0,0,0,2,0,0,0,0
2020-04-09T11:05:00,2,1,0,1,0,0,0,1,2,0,0,0,0,0,0,3,0,0,0
2020-04-09T11:10:00,0,0,0,0,1,2,0,0,1,0,0,0,0,0,1,0,0,0,1
2020-04-09T11:15:00,0,1,1,0,0,0,0,1,0,0,0,0,0,0,0,0,1,0,0
2020-04-09T11:20:00,0,2,2,1,1,1,0,2,1,0,1,0,0,1,0,0,0,0,1
2020-04-09T11:25:00,0,1,2,0,0,0,0,1,1,0,0,0,0,0,3,0,0,0,1
2020-04-09T11:30:00,1,0,2,0,0,0,0,0,1,0,0,1,0,0,1,0,0,0,1
2020-04-09T11:35:00,1,1,2,1,0,1,0,1,0,1,0,0,1,0,1,0,0,0,0
2020-04-09T11:40:00,2,2,0,0,0,2,0,3,0,0,0,0,0,0,2,2,0,1,0
2020-04-09T11:45:00,1,2,0,1,1,0,0,0,2,0,0,0,0,1,2,0,0,0,0
2020-04-09T11:50:00,0,1,0,0,0,1,0,1,1,0,0,0,0,0,0,0,0,2,1
2020-04-09T11:55:00,2,0,1,0,0,0,0,0,2,0,0,1,0,1,1,0,0,0,0
2020-04-09T12:00:00,0,1,2,0,0,1,0,1,0,1,0,1,0,0,3,1,0,0,1
2020-04-09T12:05:00,0,0,2,1,0,1,0,0,1,0,0,0,0,0,1,0,0,0,0
2020-04-09T12:10:00,0,3,1,0,0,0,0,2,0,1,0,0,0,1,1,1,0,1,0
2020-04-09T12:15:00,0,1,0,0,1,1,0,1,1,1,0,0,0,1,1,1,0,0,0
2020-04-09T12:20:00,0,0,0,0,0,0,0,0,0,0,0,0,0,1,3,0,0,0,1
2020-04-09T12:25:00,0,1,0,0,0,1,0,0,2,0,2,0,0,0,0,0,1,0,0
2020-04-09T12:30:00,2,0,0,0,0,0,0,1,2,0,0,1,0,0,0,0,0,0,1
2020-04-09T12:35:00,0,1,1,0,0,0,0,4,1,0,0,1,0,0,0,0,0,1,0
2020-04-09T12:40:00,0,1,0,0,0,1,0,1,2,1,1,0,1,1,0,0,0,0,0
2020-04-09T12:45:00,0,0,0,0,0,0,0,1,1,0,1,0,0,1,1,0,0,1,0
2020-04-09T12:50:00,0,0,1,0,0,0,0,0,2,0,0,0,0,0,2,0,1,0,1
2020-04-09T12:55:00,0,0,0,0,0,0,0,0,1,0,0,0,1,1,1,1,0,0,0
2020-04-09T13:00:00,0,2,1,0,1,1,0,1,0,0,0,0,0,1,2,1,0,0,2
2020-04-09T13:05:00,0,1,2,0,0,0,0,0,1,0,1,1,0,0,1,0,0,0,0
2020-04-09T13:10:00,0,0,1,0,1,1,0,0,0,2,1,0,0,2,1,0,0,0,0
2020-04-09T13:15:00,0,1,0,0,0,0,0,2,1,0,0,0,0,0,0,0,0,0,0
2020-04-09T13:20:00,0,0,0,0,0,0,0,0,0,0,0,0,1,0,0,1,0,0,0
2020-04-09T13:25:00,0,0,1,0,2,1,0,0,1,0,0,0,0,0,0,0,0,1,0
2020-04-09T13:30:00,0,0,0,0,0,2,0,0,1,0,0,0,0,0,0,0,0,1,0
2020-04-09T13:35:00,0,2,2,0,0,1,0,0,2,0,0,0,1,0,0,0,0,0,0
2020-04-09T13:40:00,0,1,0,1,1,0,0,0,0,0,0,0,0,1,1,0,0,0,1
2020-04-09T13:45:00,1,1,1,0,0,2,0,2,0,0,0,1,0,1,2,0,0,0,1
2020-04-09T13:50:00,1,1,0,1,0,1,0,0,0,0,0,0,0,1,1,2,0,0,2
2020-04-09T13:55:00,0,1,0,1,1,2,0,0,0,0,0,0,0,0,0,0,0,0,0
2020-04-09T14:00:00,2,0,0,1,1,0,0,1,1,0,0,0,0,0,3,0,0,0,0
2020-04-09T14:05:00,0,1,0,1,0,1,0,0,0,0,0,1,0,0,2,1,0,1,0
2020-04-09T14:10:00,0,0,4,0,0,3,0,1,1,1,0,0,0,0,1,0,0,1,0
2020-04-09T14:15:00,0,2,2,1,0,1,0,3,0,1,0,0,0,1,1,0,0,1,1
2020-04-09T14:20:00,0,1,1,0,0,1,0,1,0,0,0,0,0,1,0,0,0,0,1
2020-04-09T14:25:00,0,0,0,0,0,2,0,2,1,0,0,0,0,0,1,0,0,1,0
2020-04-09T14:30:00,0,1,1,0,0,0,0,0,1,0,0,1,0,0,3,0,0,0,0
2020-04-09T14:35:00,0,1,0,0,0,2,0,0,0,0,0,0,0,0,0,1,0,0,0
2020-04-09T14:40:00,1,3,1,0,2,3,0,1,0,0,0,0,1,0,0,1,0,0,0
2020-04-09T14:45:00,0,0,0,0,0,0,0,0,0,0,0,0,0,0,0,1,0,0,0
2020-04-09T14:50:00,0,1,0,2,1,0,0,2,0,0,0,0,0,0,0,1,0,1,0
2020-04-09T14:55:00,1,3,1,0,1,0,0,0,1,1,0,0,0,0,0,0,0,0,0
2020-04-09T15:00:00,2,24,185,8,4,9,0,3,7,8,21,14,2,49,16,10,11,22,5
2020-04-09T15:05:00,11,53,0,33,10,30,0,3,18,22,44,29,13,86,44,35,22,43,11
2020-04-09T15:10:00,7,56,0,38,17,29,0,12,12,22,49,31,12,108,42,46,16,48,10
2020-04-09T15:15:00,8,48,0,40,17,34,0,8,17,22,42,29,15,75,41,46,13,31,15
2020-04-09T15:20:00,4,55,0,38,15,29,0,12,14,14,29,25,9,78,58,45,13,28,15
2020-04-09T15:25:00,7,48,0,46,11,34,1,19,16,25,38,23,17,76,47,49,8,38,5
2020-04-09T15:30:00,4,37,0,33,14,31,0,17,15,12,19,33,11,65,45,53,16,28,9
2020-04-09T15:35:00,6,46,0,27,6,25,0,19,16,13,32,26,11,76,50,50,12,32,9
2020-04-09T15:40:00,3,31,0,39,10,25,0,18,11,13,31,35,18,52,48,45,17,29,13
2020-04-09T15:45:00,3,25,0,34,8,21,2,17,17,11,31,23,12,58,33,47,14,24,12
2020-04-09T15:50:00,4,31,0,35,9,21,0,19,21,14,15,25,9,74,29,46,9,23,10
2020-04-09T15:55:00,7,30,0,33,12,22,0,15,16,10,24,20,16,64,34,44,14,31,9
2020-04-09T16:00:00,2,24,0,17,5,24,0,29,57,14,18,24,15,56,46,46,11,15,6
2020-04-09T16:05:00,5,19,0,40,9,15,1,11,144,11,16,23,18,46,29,54,6,16,14
2020-04-09T16:10:00,4,20,0,27,5,21,1,23,126,10,17,19,14,47,30,44,12,22,7
2020-04-09T16:15:00,3,23,0,28,8,16,1,16,147,7,17,11,7,47,32,43,14,14,10
2020-04-09T16:20:00,3,26,0,22,4,17,1,19,128,9,13,21,7,35,16,40,5,17,5
2020-04-09T16:25:00,3,15,0,22,4,16,0,21,115,5,16,24,12,33,14,38,8,10,4
2020-04-09T16:30:00,1,16,0,18,3,19,0,27,95,9,5,26,5,22,37,41,7,8,9
2020-04-09T16:35:00,3,22,0,21,6,19,1,68,102,11,12,16,10,38,25,42,6,14,3
2020-04-09T16:40:00,7,16,0,16,6,16,0,92,80,9,10,8,14,35,16,29,6,11,10
2020-04-09T16:45:00,3,13,0,21,3,10,1,99,94,6,5,10,9,21,15,40,3,8,7
2020-04-09T16:50:00,4,14,0,15,6,7,0,84,87,3,2,14,9,18,14,36,9,11,6
2020-04-09T16:55:00,1,13,0,14,5,17,0,106,78,5,7,6,12,22,24,33,4,14,6
2020-04-09T17:00:00,2,13,0,17,4,8,1,101,70,4,7,28,11,24,19,35,4,3,3
2020-04-09T17:05:00,1,11,0,14,5,11,1,102,65,5,11,11,8,15,16,23,6,9,2
2020-04-09T17:10:00,3,10,0,18,1,7,0,76,60,4,7,8,5,12,13,31,1,12,9
2020-04-09T17:15:00,2,7,0,11,7,8,0,93,57,3,5,9,6,17,12,34,6,7,4
2020-04-09T17:20:00,1,8,0,16,1,10,2,82,64,2,8,13,6,17,18,24,2,9,5
2020-04-09T17:25:00,2,8,0,8,3,9,1,115,53,4,2,11,4,17,8,21,5,10,7
2020-04-09T17:30:00,0,7,0,7,5,6,1,0,36,5,7,13,6,15,9,25,2,7,2
2020-04-09T17:35:00,0,4,0,5,2,7,0,0,39,1,3,7,4,16,7,18,3,4,2
2020-04-09T17:40:00,1,7,0,10,4,11,0,0,38,3,4,5,7,12,12,14,0,4,3
2020-04-09T17:45:00,3,7,0,5,2,9,0,0,41,5,3,8,5,14,12,22,2,3,2
2020-04-09T17:50:00,1,6,0,11,3,9,0,0,30,4,6,10,1,13,10,12,4,5,3
2020-04-09T17:55:00,1,9,0,7,3,8,0,0,43,2,5,7,5,11,5,12,4,3,3
2020-04-09T18:00:00,1,5,0,5,1,8,0,0,23,3,2,10,4,11,9,20,3,2,1
2020-04-09T18:05:00,0,5,0,10,1,4,1,0,24,2,3,10,6,7,4,14,3,5,2
2020-04-09T18:10:00,0,3,0,6,0,3,1,0,31,2,3,12,6,4,10,17,0,1,2
2020-04-09T18:15:00,1,3,0,4,2,6,0,0,25,3,2,12,3,11,4,10,3,3,4
2020-04-09T18:20:00,0,5,0,6,2,3,0,0,26,3,1,6,4,10,5,19,0,1,1
2020-04-09T18:25:00,1,5,0,9,1,2,0,0,20,2,2,13,3,7,9,13,3,0,0
2020-04-09T18:30:00,2,5,0,5,2,5,0,0,23,1,1,4,2,7,8,22,0,1,4
2020-04-09T18:35:00,0,4,0,5,1,7,0,0,23,1,2,3,3,6,4,10,1,2,0
2020-04-09T18:40:00,1,2,0,6,0,4,0,0,16,2,0,5,3,6,4,7,0,3,0
2020-04-09T18:45:00,0,1,0,4,0,5,0,0,9,1,2,6,4,3,3,9,3,0,1
2020-04-09T18:50:00,1,4,0,3,0,1,0,0,18,6,1,5,2,10,2,9,0,2,0
2020-04-09T18:55:00,0,6,0,1,1,2,0,0,18,3,3,4,0,5,5,7,2,1,0
2020-04-09T19:00:00,1,3,0,2,0,4,0,0,10,0,3,7,3,6,3,13,1,2,2
2020-04-09T19:05:00,0,5,0,3,2,2,0,0,11,1,3,3,3,4,3,8,0,1,0
2020-04-09T19:10:00,0,3,0,3,0,0,0,0,10,2,1,5,0,4,6,10,0,2,0
2020-04-09T19:15:00,0,2,0,4,2,0,0,0,13,1,2,5,2,3,3,11,0,3,1
2020-04-09T19:20:00,0,4,0,1,1,0,0,0,9,3,2,5,2,1,2,10,0,1,0
2020-04-09T19:25:00,0,0,0,3,0,4,0,0,9,1,2,4,1,3,1,15,0,1,1
2020-04-09T19:30:00,0,2,0,3,3,4,0,0,14,1,2,6,3,3,2,8,1,1,1
2020-04-09T19:35:00,0,1,0,2,2,2,0,0,11,0,0,6,0,2,0,9,0,1,0
2020-04-09T19:40:00,0,2,0,1,1,2,0,0,10,2,3,5,3,2,2,8,1,0,1
2020-04-09T19:45:00,0,4,0,4,0,2,0,0,6,0,0,3,2,1,1,11,1,1,0
2020-04-09T19:50:00,1,0,0,2,0,1,0,0,5,2,1,4,0,0,0,8,1,1,3
2020-04-09T19:55:00,0,1,0,2,0,0,0,0,6,1,1,6,1,2,2,7,0,2,0
2020-04-09T20:00:00,0,0,0,2,2,2,0,0,8,1,1,2,1,1,1,6,0,1,0
2020-04-09T20:05:00,0,0,0,1,1,0,0,0,3,0,0,3,2,2,2,2,0,0,1
2020-04-09T20:10:00,0,0,0,1,1,3,0,0,6,0,1,1,1,1,3,7,0,0,0
2020-04-09T20:15:00,0,2,0,1,0,1,0,0,4,0,0,1,0,4,2,6,1,0,0
2020-04-09T20:20:00,0,1,0,2,0,3,0,0,9,1,1,3,1,2,2,9,0,0,2
2020-04-09T20:25:00,0,1,0,2,0,2,0,0,4,1,0,4,1,0,0,4,0,1,0
2020-04-09T20:30:00,1,2,0,2,0,3,0,0,4,1,0,2,1,3,0,2,1,1,0
2020-04-09T20:35:00,0,1,0,1,0,0,0,0,5,2,1,6,1,0,0,4,0,0,0
2020-04-09T20:40:00,0,0,0,1,0,0,0,0,3,2,0,3,1,2,2,4,2,0,1
2020-04-09T20:45:00,0,1,0,0,1,1,0,0,3,0,0,2,0,0,0,6,0,1,0
2020-04-09T20:50:00,0,3,0,0,0,1,0,0,2,0,0,3,0,1,2,4,0,0,0
2020-04-09T20:55:00,2,1,0,0,1,2,0,0,5,0,0,4,0,0,0,1,0,0,0
2020-04-09T21:00:00,0,2,0,0,2,2,0,0,3,0,0,0,0,2,0,3,0,0,1
2020-04-09T21:05:00,0,1,0,1,0,1,0,0,3,0,0,6,0,0,1,6,0,0,0
2020-04-09T21:10:00,0,1,0,0,0,0,0,0,4,1,0,0,0,2,0,3,0,0,1
2020-04-09T21:15:00,1,3,0,0,0,1,0,0,2,2,0,2,1,0,4,3,1,1,0
2020-04-09T21:20:00,0,0,0,1,0,1,0,0,6,0,0,2,0,0,0,4,0,0,1
2020-04-09T21:25:00,2,1,0,0,0,0,0,0,4,1,0,0,0,1,1,2,0,1,0
2020-04-09T21:30:00,0,1,0,1,0,1,0,0,1,0,0,3,0,0,1,3,0,2,2
2020-04-09T21:35:00,0,0,0,1,1,1,0,0,2,0,1,2,0,4,2,2,1,2,1
2020-04-09T21:40:00,1,1,0,0,0,2,0,0,3,0,0,2,0,2,1,1,0,0,0
2020-04-09T21:45:00,1,0,0,0,1,1,0,0,3,0,0,2,0,0,2,5,0,0,0
2020-04-09T21:50:00,0,1,0,0,1,0,0,0,0,0,0,1,0,2,2,2,0,1,0
2020-04-09T21:55:00,0,0,0,0,0,1,0,0,5,0,1,0,1,1,3,0,0,0,0
2020-04-09T22:00:00,0,0,0,1,1,1,0,0,0,0,1,1,0,3,1,3,0,0,0
2020-04-09T22:05:00,0,2,0,0,0,1,0,0,3,0,0,4,0,1,0,3,0,0,0
2020-04-09T22:10:00,0,1,0,0,1,1,0,0,1,0,0,1,0,0,0,3,0,0,0
2020-04-09T22:15:00,1,0,0,0,1,0,0,0,1,0,0,2,0,2,1,1,1,1,0
2020-04-09T22:20:00,0,0,0,0,2,0,0,0,0,1,0,1,1,0,1,3,0,0,0
2020-04-09T22:25:00,0,0,0,0,0,1,0,0,1,1,0,1,1,0,2,1,0,0,0
2020-04-09T22:30:00,0,2,0,1,0,1,0,0,1,0,0,1,0,0,0,0,0,0,0
2020-04-09T22:35:00,0,1,0,0,0,1,0,0,0,0,0,0,0,0,0,1,0,1,0
2020-04-09T22:40:00,1,1,0,0,0,1,0,0,0,0,0,1,1,0,0,2,0,0,2
2020-04-09T22:45:00,0,0,0,2,0,0,0,0,3,1,0,0,1,1,2,5,0,1,0
2020-04-09T22:50:00,0,1,0,0,1,0,0,0,2,0,0,0,1,0,0,0,0,0,0
2020-04-09T22:55:00,0,2,0,0,2,0,0,0,1,2,0,0,0,0,1,1,1,0,0
2020-04-09T23:00:00,1,1,0,1,0,1,0,0,1,1,0,2,1,0,1,2,0,0,2
2020-04-09T23:05:00,0,1,0,0,1,2,0,0,1,0,0,1,0,0,2,4,0,0,1
2020-04-09T23:10:00,0,2,0,1,0,0,1,0,0,0,0,1,2,0,0,1,0,0,0
2020-04-09T23:15:00,1,1,0,0,0,2,0,0,2,0,0,2,0,0,0,0,0,0,0
2020-04-09T23:20:00,0,0,0,1,0,2,0,0,1,0,0,1,0,0,0,1,0,1,0
2020-04-09T23:25:00,0,1,0,1,0,0,0,0,0,1,0,0,0,0,1,1,0,0,1
2020-04-09T23:30:00,0,0,0,0,1,2,0,0,1,0,0,1,0,0,0,1,0,1,0
2020-04-09T23:35:00,1,1,0,0,0,2,0,0,1,0,1,0,0,0,2,1,0,0,0
2020-04-09T23:40:00,0,0,0,0,0,1,0,0,4,0,1,2,0,0,1,1,0,0,0
2020-04-09T23:45:00,1,0,0,0,0,0,0,0,1,1,0,0,0,0,1,2,0,0,0
2020-04-09T23:50:00,0,0,0,1,0,1,0,0,2,0,1,1,0,0,2,1,0,2,0
2020-04-09T23:55:00,2,1,0,0,0,0,0,0,2,0,0,2,0,0,1,1,1,1,0
2020-04-10T00:00:00,1,0,0,0,1,2,0,0,3,0,0,0,0,0,0,0,0,0,0
2020-04-10T00:05:00,0,2,0,0,0,0,0,0,1,0,0,0,0,0,1,1,1,2,0
2020-04-10T00:10:00,0,3,0,0,1,2,0,0,1,0,1,1,0,0,1,2,0,0,0
2020-04-10T00:15:00,0,1,0,0,1,0,0,0,0,0,0,1,0,0,1,1,1,0,0
2020-04-10T00:20:00,0,0,0,0,1,1,0,0,1,0,0,1,1,0,2,1,1,0,0
2020-04-10T00:25:00,0,1,0,1,0,4,0,0,1,0,0,2,0,0,0,0,0,0,0
2020-04-10T00:30:00,0,0,0,2,2,2,0,0,1,0,0,1,1,0,1,1,0,0,0
2020-04-10T00:35:00,0,3,0,0,1,1,0,0,0,0,0,0,0,0,0,0,0,0,1
2020-04-10T00:40:00,0,1,0,0,0,0,0,0,1,0,0,0,0,0,0,0,0,0,2
2020-04-10T00:45:00,1,0,0,1,0,0,0,0,1,1,0,0,0,0,1,0,0,0,1
2020-04-10T00:50:00,0,1,0,0,0,0,0,0,0,0,0,0,0,0,1,1,1,0,1
2020-04-10T00:55:00,1,0,0,1,1,3,0,0,2,0,0,0,1,0,1,0,0,0,0
2020-04-10T01:00:00,0,0,0,0,1,1,0,0,1,0,1,1,0,0,1,1,0,0,0
2020-04-10T01:05:00,0,0,0,0,0,0,0,0,1,1,0,1,1,0,1,1,1,0,0
2020-04-10T01:10:00,0,1,0,0,0,0,0,0,1,1,0,0,0,0,1,2,0,1,0
2020-04-10T01:15:00,0,1,0,0,0,0,0,0,1,0,1,0,1,0,1,0,0,0,0
2020-04-10T01:20:00,0,1,0,0,0,1,0,0,0,0,0,0,0,0,1,1,0,0,0
2020-04-10T01:25:00,0,1,0,0,1,0,0,0,0,1,0,1,1,0,1,0,0,0,0
2020-04-10T01:30:00,0,0,0,0,0,1,0,0,1,0,0,0,0,0,0,1,0,0,0
2020-04-10T01:35:00,0,0,0,0,0,0,0,0,0,0,0,0,0,0,0,0,0,0,1
2020-04-10T01:40:00,1,2,0,0,1,1,0,0,5,0,0,0,0,0,0,0,0,0,0
2020-04-10T01:45:00,0,0,0,1,0,0,0,0,0,0,0,0,0,0,2,0,1,0,0
2020-04-10T01:50:00,0,1,0,0,0,1,0,0,0,2,0,0,1,0,0,0,1,0,0
2020-04-10T01:54:00,0,0,0,0,0,0,0,0,0,0,0,0,0,6,0,0,0,0,0
2020-04-10T01:55:00,0,0,0,0,0,0,0,0,1,1,0,1,0,0,1,0,0,0,0
2020-04-10T02:00:00,0,2,0,0,0,0,0,0,1,0,1,0,0,0,1,1,0,0,1
2020-04-10T02:05:00,0,3,0,0,0,0,0,0,1,0,0,0,0,0,2,1,0,0,0
2020-04-10T02:10:00,0,1,0,0,0,3,0,0,1,0,0,0,0,0,1,0,1,0,0
2020-04-10T02:15:00,0,1,0,0,1,0,0,0,0,0,0,0,0,0,1,0,0,0,0
2020-04-10T02:20:00,0,1,0,0,1,1,0,0,0,0,1,0,0,0,1,0,0,0,1
2020-04-10T02:25:00,0,1,0,0,0,0,0,0,1,0,0,0,1,0,0,0,1,0,0
2020-04-10T02:30:00,1,1,0,0,0,1,0,1179,0,0,0,1,0,0,0,0,0,1,0
2020-04-10T02:35:00,0,3,0,0,0,1,0,0,1,0,1,1,0,0,0,1,0,0,0
2020-04-10T02:40:00,1,0,0,0,1,0,0,0,0,0,0,0,0,0,1,0,0,1,0
2020-04-10T02:45:00,0,0,0,0,0,1,0,0,0,0,0,0,0,0,3,2,0,0,0
2020-04-10T02:50:00,0,0,0,0,0,1,0,1,0,0,0,0,0,0,0,0,1,1,0
2020-04-10T02:55:00,0,2,0,0,1,1,0,1,1,0,0,0,0,0,0,1,0,2,0
2020-04-10T03:00:00,0,1,0,0,1,0,0,1,3,0,0,0,0,0,1,1,0,0,0
2020-04-10T03:05:00,0,0,0,1,0,2,0,1,0,0,0,0,1,0,2,0,0,0,0
2020-04-10T03:10:00,0,2,0,0,0,1,0,0,1,0,0,1,0,0,2,0,0,1,0
2020-04-10T03:15:00,0,0,0,0,1,0,0,2,0,0,0,0,0,0,1,0,0,2,0
2020-04-10T03:20:00,0,0,0,0,0,2,0,4,1,0,0,0,1,0,1,0,0,1,0
2020-04-10T03:25:00,0,1,0,0,1,1,0,2,0,1,0,1,0,0,0,1,0,0,0
2020-04-10T03:30:00,1,0,0,0,0,2,0,1,3,1,1,0,0,0,1,0,0,0,0
2020-04-10T03:35:00,0,1,0,1,0,1,0,2,0,0,0,0,0,0,1,2,0,1,0
2020-04-10T03:40:00,0,0,0,0,0,2,0,2,0,0,0,0,0,0,0,0,0,0,1
2020-04-10T03:45:00,1,1,0,0,2,4,0,1,1,0,0,2,0,0,1,0,0,0,0
2020-04-10T03:50:00,0,0,0,1,1,3,0,1,0,0,0,0,1,0,1,0,0,1,1
2020-04-10T03:55:00,1,0,0,0,0,3,0,3,1,1,0,0,0,0,0,0,0,0,0
2020-04-10T04:00:00,0,1,0,0,0,0,0,2,1,3,0,1,0,0,0,1,0,0,1
2020-04-10T04:05:00,0,2,0,0,0,1,0,1,0,0,0,0,0,0,0,2,0,0,0
2020-04-10T04:10:00,0,0,0,0,0,1,0,1,0,0,1,0,0,0,0,0,0,0,0
2020-04-10T04:15:00,0,0,0,1,0,0,0,0,3,0,0,0,0,0,1,0,0,0,1
2020-04-10T04:20:00,0,1,0,0,1,0,0,0,0,0,1,0,1,0,0,0,1,1,0
2020-04-10T04:25:00,0,0,0,0,1,1,0,0,1,0,0,0,0,0,3,0,0,0,1
2020-04-10T04:30:00,0,0,0,0,1,1,0,1,1,2,0,0,0,0,1,0,1,0,0
2020-04-10T04:35:00,1,1,0,2,0,0,0,1,0,0,0,1,0,0,2,0,0,1,1
2020-04-10T04:40:00,0,0,0,0,0,0,0,1,0,0,0,0,0,0,1,0,0,2,0
2020-04-10T04:45:00,0,0,0,1,0,0,0,1,3,1,0,0,1,0,0,0,0,0,0
2020-04-10T04:50:00,0,0,0,0,0,0,0,1,0,0,1,0,0,0,1,0,0,0,0
2020-04-10T04:55:00,0,1,0,0,0,1,0,0,0,0,0,0,0,0,1,0,0,0,0
2020-04-10T05:00:00,0,0,0,0,0,0,0,0,0,0,0,0,0,0,1,0,0,1,0
2020-04-10T05:05:00,0,0,0,0,0,3,0,1,0,1,0,0,0,0,1,0,0,0,2
2020-04-10T05:10:00,0,2,0,0,0,1,0,0,0,0,0,0,0,0,0,1,1,0,0
2020-04-10T05:15:00,0,1,0,0,1,1,0,2,0,0,0,0,0,0,0,0,0,0,0
2020-04-10T05:20:00,0,0,0,0,0,0,0,2,0,0,0,0,0,0,1,0,0,0,1
2020-04-10T05:25:00,0,2,0,0,1,1,0,1,1,0,0,1,0,0,2,0,0,0,0
2020-04-10T05:30:00,0,0,0,0,0,1,0,2,1,1,0,0,0,0,3,0,0,1,1
2020-04-10T05:35:00,1,2,0,0,0,0,0,2,0,1,0,1,1,0,1,0,0,0,0
2020-04-10T05:40:00,0,0,0,0,0,0,0,1,0,0,0,0,0,0,1,0,0,0,0
2020-04-10T05:45:00,1,1,0,0,1,1,0,2,0,0,0,0,0,0,1,2,0,0,0
2020-04-10T05:50:00,1,0,0,0,0,1,0,1,0,0,0,1,0,0,0,0,1,0,0
2020-04-10T05:55:00,0,1,0,0,0,1,0,1,0,0,0,0,1,0,1,1,1,0,1
2020-04-10T06:00:00,0,1,0,0,0,1,0,0,0,1,0,0,0,0,0,0,1,0,0
2020-04-10T06:05:00,0,1,0,0,0,0,0,0,1,0,0,1,0,0,2,1,0,0,1
2020-04-10T06:10:00,0,2,0,0,0,2,0,1,1,0,0,0,1,0,2,0,0,0,0
2020-04-10T06:15:00,0,1,0,0,0,1,0,0,1,0,1,0,0,0,1,1,0,0,0
2020-04-10T06:20:00,0,1,0,0,0,4,0,0,0,0,1,0,0,0,1,0,0,1,0
2020-04-10T06:25:00,0,1,0,0,0,3,0,0,1,0,0,0,0,0,3,0,0,1,0
2020-04-10T06:30:00,0,0,0,0,0,2,0,0,1,0,0,0,0,0,1,1,0,1,0
2020-04-10T06:35:00,0,0,0,0,0,2,0,1,0,0,1,0,1,0,1,0,0,0,0
2020-04-10T06:40:00,1,0,0,0,1,0,0,2,1,0,0,0,0,0,1,0,0,0,0
2020-04-10T06:45:00,0,1,0,0,0,1,0,0,1,0,0,1,0,0,0,3,0,1,0
2020-04-10T06:50:00,0,0,0,0,0,1,0,0,4,0,0,0,0,0,1,0,0,0,0
2020-04-10T06:55:00,1,2,0,0,0,2,0,1,0,0,0,0,1,0,1,0,0,0,0
2020-04-10T07:00:00,0,2,0,0,0,2,0,3,2,0,0,1,0,0,0,1,0,2,0
2020-04-10T07:05:00,0,0,0,0,0,0,0,2,1,0,0,0,0,0,0,0,0,0,1
2020-04-10T07:10:00,0,1,0,0,0,3,0,1,1,0,1,0,1,0,1,0,0,1,0
2020-04-10T07:15:00,1,0,0,0,1,1,0,3,2,1,1,1,0,0,1,0,0,1,0
2020-04-10T07:20:00,0,1,0,0,0,1,0,4,0,0,0,0,1,0,1,0,1,0,0
2020-04-10T07:25:00,0,1,0,0,0,0,0,1,1,0,0,0,0,0,0,0,0,0,0
2020-04-10T07:30:00,1,1,0,0,0,1,0,1,0,0,0,0,0,0,0,0,0,0,0
2020-04-10T07:35:00,0,0,0,0,0,0,0,0,1,0,0,1,0,0,1,0,1,0,0
2020-04-10T07:40:00,1,0,0,0,0,1,0,0,0,0,0,0,0,0,1,0,0,0,0
2020-04-10T07:45:00,0,0,0,0,2,1,0,0,1,0,0,1,0,0,0,2,0,0,0
2020-04-10T07:50:00,0,0,0,0,2,0,0,0,3,0,0,0,0,0,2,0,0,0,0
2020-04-10T07:55:00,0,1,0,0,0,0,0,1,0,0,0,0,0,0,2,1,1,0,0
2020-04-10T08:00:00,1,1,0,0,1,0,0,2,0,1,1,0,1,13,2,1,2,1,0
2020-04-10T08:05:00,0,3,0,0,0,1,0,0,0,1,0,0,0,0,0,0,0,1,0
2020-04-10T08:10:00,1,0,0,0,0,1,0,1,0,1,0,1,1,0,1,1,0,0,0
2020-04-10T08:15:00,0,0,0,0,0,2,0,1,0,1,0,1,0,1,0,1,0,1,0
2020-04-10T08:20:00,0,1,0,0,1,2,0,0,2,0,0,1,0,0,1,0,0,1,1
2020-04-10T08:25:00,1,0,0,0,1,1,0,1,0,0,0,0,0,0,1,1,0,2,1
2020-04-10T08:30:00,0,0,0,0,0,0,0,0,2,0,0,0,0,0,1,1,0,0,1
2020-04-10T08:35:00,0,0,0,0,1,2,0,3,0,0,1,0,0,2,1,0,1,1,0
2020-04-10T08:40:00,0,1,0,0,0,1,0,3,1,0,0,0,0,1,1,0,0,0,0
2020-04-10T08:45:00,1,0,0,0,0,1,0,2,2,0,0,0,0,0,1,0,0,0,0
2020-04-10T08:50:00,0,0,0,0,0,2,0,1,0,0,1,1,0,0,0,1,0,0,1
2020-04-10T08:55:00,1,0,0,0,0,0,0,1,2,0,0,0,0,0,1,0,0,1,0
2020-04-10T09:00:00,0,1,0,0,0,0,0,0,0,0,0,0,0,0,1,1,0,0,0
2020-04-10T09:05:00,0,1,0,0,0,0,0,1,1,0,0,1,0,1,0,0,0,0,0
2020-04-10T09:10:00,1,2,0,0,0,0,0,0,1,0,0,0,0,0,0,0,0,2,0
2020-04-10T09:15:00,0,1,0,0,0,0,0,0,0,0,0,0,0,0,1,2,0,0,0
2020-04-10T09:20:00,0,1,0,0,1,1,0,0,1,1,0,0,0,2,0,0,1,0,0
2020-04-10T09:25:00,0,1,0,0,0,0,0,2,0,1,0,0,0,0,0,0,0,1,0
2020-04-10T09:30:00,0,1,0,0,0,1,0,0,2,0,0,0,0,2,2,0,0,0,2
2020-04-10T09:35:00,0,2,0,0,0,1,0,0,0,0,0,1,0,0,0,1,0,0,1
2020-04-10T09:40:00,0,0,0,0,0,0,0,1,1,0,0,1,0,0,0,1,0,0,0
2020-04-10T09:45:00,1,1,0,0,0,1,0,1,0,0,0,0,1,0,0,1,0,0,2
2020-04-10T09:50:00,2,1,0,0,0,0,0,0,0,0,0,1,0,0,1,0,0,1,1
2020-04-10T09:55:00,0,1,0,0,0,3,0,1,0,0,0,0,0,1,1,0,0,0,0
2020-04-10T10:00:00,0,0,0,0,0,0,0,1,0,0,0,0,0,1,1,0,0,0,1
2020-04-10T10:05:00,0,1,0,0,0,3,0,3,0,0,0,0,0,0,3,0,0,0,0
2020-04-10T10:10:00,0,0,0,0,0,0,0,1,0,0,0,0,0,0,1,0,0,0,0
2020-04-10T10:15:00,0,1,0,0,2,2,0,0,0,0,0,0,0,1,1,0,0,0,0
2020-04-10T10:20:00,0,0,0,0,1,2,0,0,2,0,0,0,0,1,1,0,0,0,0
2020-04-10T10:25:00,0,1,0,0,0,1,0,3,3,0,0,0,0,0,1,0,0,0,0
2020-04-10T10:30:00,0,1,0,0,0,1,0,0,0,0,0,0,0,1,1,1,0,2,0
2020-04-10T10:35:00,0,1,0,0,1,1,0,0,0,1,0,0,1,0,1,1,0,0,0
2020-04-10T10:40:00,0,0,0,0,1,1,0,0,0,0,0,0,0,0,0,1,0,0,0
2020-04-10T10:45:00,0,1,0,0,0,0,0,0,0,0,1,0,0,0,1,0,0,1,1
2020-04-10T10:50:00,0,1,0,0,0,1,0,2,1,0,0,0,0,0,1,4,0,0,1
2020-04-10T10:55:00,0,0,0,0,0,1,0,0,0,0,0,0,0,0,0,0,0,0,1
2020-04-10T11:00:00,2,0,0,0,0,0,0,1,1,0,0,0,0,0,0,1,0,0,1
2020-04-10T11:05:00,0,1,0,0,1,2,0,2,1,0,0,0,0,0,0,0,0,0,1
2020-04-10T11:10:00,0,0,0,0,0,0,0,0,0,0,1,0,1,0,5,0,0,0,0
2020-04-10T11:15:00,0,0,0,0,0,0,0,1,0,1,2,0,0,0,1,1,0,0,0
2020-04-10T11:20:00,0,1,0,0,0,1,0,1,1,0,0,0,0,0,0,0,0,0,0
2020-04-10T11:25:00,0,1,0,0,0,0,0,1,1,0,0,0,0,0,0,1,0,1,1
2020-04-10T11:30:00,0,0,0,0,0,1,0,1,1,0,0,0,0,0,1,0,0,0,1
2020-04-10T11:35:00,2,0,0,0,0,2,0,3,1,0,0,0,0,0,0,0,0,0,1
2020-04-10T11:40:00,0,2,0,0,0,0,0,2,2,1,0,0,0,0,3,0,0,1,0
2020-04-10T11:45:00,0,1,0,0,3,2,0,2,2,0,0,0,0,1,0,0,0,0,0
2020-04-10T11:50:00,0,0,0,0,0,1,0,2,0,0,2,0,0,0,0,0,0,0,0
2020-04-10T11:55:00,0,0,0,0,0,0,0,1,0,1,0,0,0,0,0,0,0,0,0
2020-04-10T12:00:00,0,0,3897,0,0,1,0,0,0,1,0,0,0,0,0,1,0,1,1
2020-04-10T12:05:00,0,1,2,0,0,0,0,1,0,1,1,0,0,1,2,0,0,0,1
2020-04-10T12:10:00,0,3,1,0,0,1,0,1,1,0,0,0,0,0,2,0,0,0,0
2020-04-10T12:15:00,0,1,0,0,0,3,0,2,0,0,0,0,0,0,1,0,0,0,0
2020-04-10T12:20:00,0,0,0,0,1,0,0,0,1,0,1,0,0,1,2,0,0,0,1
2020-04-10T12:25:00,1,0,0,0,3,0,0,0,0,0,1,0,1,0,2,0,0,0,0
2020-04-10T12:30:00,2,3,2,0,0,2,0,3,0,0,1,0,0,1,1,0,0,2,0
2020-04-10T12:35:00,0,1,0,0,1,0,0,0,0,1,0,0,0,0,1,0,0,0,0
2020-04-10T12:40:00,0,0,1,0,0,0,0,1,0,0,0,0,0,0,4,0,0,0,1
2020-04-10T12:45:00,1,0,0,0,1,0,0,1,2,0,0,0,0,0,1,0,0,0,0
2020-04-10T12:50:00,0,0,0,0,0,0,0,0,1,0,0,0,0,0,1,0,0,0,0
2020-04-10T12:55:00,0,0,2,0,0,1,0,1,1,0,0,0,0,0,4,1,0,1,1
2020-04-10T13:00:00,0,1,1,0,0,2,0,1,0,0,0,0,0,2,0,0,0,0,0
2020-04-10T13:05:00,0,1,1,0,1,1,0,0,3,0,0,0,0,1,2,0,0,0,2
2020-04-10T13:10:00,0,1,0,0,0,1,0,0,0,0,0,0,0,0,0,0,0,0,0
2020-04-10T13:15:00,0,3,4,0,1,0,0,0,1,0,0,0,0,1,1,0,0,0,0
2020-04-10T13:20:00,0,0,0,0,0,2,0,0,1,0,0,0,0,0,1,0,0,0,1
2020-04-10T13:25:00,0,1,1,0,0,0,0,2,0,0,0,0,0,0,2,0,0,1,0
2020-04-10T13:30:00,0,0,0,0,1,0,0,1,1,0,0,0,0,1,3,1,0,1,0
2020-04-10T13:35:00,0,1,0,0,0,0,0,1,0,0,0,0,0,1,0,0,0,2,0
2020-04-10T13:40:00,0,0,0,0,1,0,0,1,2,0,0,0,0,1,0,0,0,0,0
2020-04-10T13:45:00,0,2,0,0,0,3,0,0,2,0,0,0,0,0,2,1,0,1,2
2020-04-10T13:50:00,0,0,1,0,1,1,0,2,0,0,0,0,0,0,0,0,0,0,0
2020-04-10T13:55:00,0,2,1,0,0,1,0,0,0,0,1,0,0,0,1,0,0,1,0
2020-04-10T14:00:00,0,0,1,0,0,2,0,2,2,0,1,0,0,1,2,0,0,0,0
2020-04-10T14:05:00,0,0,0,0,0,1,0,0,0,0,0,0,0,0,1,0,0,0,0
2020-04-10T14:10:00,0,1,2,0,0,0,0,1,1,1,0,0,2,1,0,0,0,1,0
2020-04-10T14:15:00,0,1,1,0,0,1,0,2,1,1,0,0,0,0,3,0,0,0,2
2020-04-10T14:20:00,1,0,0,0,0,3,0,3,1,0,1,0,1,0,0,0,0,0,1
2020-04-10T14:25:00,0,0,1,0,0,0,0,1,1,0,1,0,0,1,2,0,0,0,0
2020-04-10T14:30:00,0,0,2,0,0,1,0,0,1,0,0,0,0,2,1,0,0,0,0
2020-04-10T14:35:00,0,1,1,0,0,0,0,2,1,0,1,0,0,1,0,0,0,0,0
2020-04-10T14:40:00,0,1,1,0,0,0,0,1,1,0,0,0,0,1,0,0,0,0,1
2020-04-10T14:45:00,0,0,0,0,0,1,0,0,0,0,0,0,0,1,1,0,0,2,0
2020-04-10T14:50:00,0,1,0,0,1,2,0,0,0,3,0,0,1,0,0,0,0,0,1
2020-04-10T14:55:00,0,1,1,0,0,1,0,0,0,0,0,0,0,0,2,1,0,0,0
2020-04-10T15:00:00,0,0,0,11,0,1,0,1,1,0,1,0,1,1,1,1,0,0,0
2020-04-10T15:05:00,1,0,2,0,1,2,0,1,0,1,0,0,0,1,2,1,0,0,1
2020-04-10T15:10:00,0,1,1,0,0,0,0,0,1,0,0,0,0,0,1,2,0,0,0
2020-04-10T15:15:00,0,1,2,1,0,1,0,1,0,0,0,0,0,0,0,0,0,0,1
2020-04-10T15:20:00,1,2,1,0,0,0,0,1,0,1,0,0,0,0,0,1,0,1,0
2020-04-10T15:25:00,0,0,1,0,0,2,0,1,1,2,0,0,0,0,2,0,0,0,0
2020-04-10T15:30:00,1,0,0,0,1,0,0,0,1,0,0,0,0,0,2,2,0,0,0
2020-04-10T15:35:00,1,0,0,0,0,1,0,1,3,0,0,0,0,0,1,0,0,0,0
2020-04-10T15:40:00,0,0,0,0,0,4,0,2,1,0,0,0,0,0,3,0,0,0,0
2020-04-10T15:45:00,0,1,1,1,0,2,0,0,0,0,0,0,0,1,3,2,0,0,0
2020-04-10T15:50:00,0,1,3,0,0,1,0,2,0,0,0,0,0,0,2,0,0,0,0
2020-04-10T15:55:00,0,0,0,1,0,0,0,1,0,0,0,0,0,1,1,1,0,1,1
2020-04-10T16:00:00,0,1,0,0,1,1,0,2,0,0,0,0,0,0,0,1,0,1,0
2020-04-10T16:05:00,1,1,0,1,0,0,0,1,0,0,0,0,0,2,1,0,0,0,0
2020-04-10T16:10:00,0,1,0,0,0,2,0,0,3,0,0,0,0,0,1,0,0,0,1
2020-04-10T16:15:00,0,1,0,0,0,1,0,2,0,0,0,0,0,0,1,1,0,0,0
2020-04-10T16:20:00,0,1,0,0,0,3,0,0,1,0,0,0,0,0,2,0,0,1,0
2020-04-10T16:25:00,0,0,1,0,0,1,0,0,2,0,0,0,0,0,0,0,0,0,0
2020-04-10T16:30:00,0,0,0,0,1,0,0,0,1,0,0,0,0,0,0,1,0,2,0
2020-04-10T16:35:00,0,0,1,1,0,2,0,0,1,0,0,0,1,0,1,0,0,0,0
2020-04-10T16:40:00,0,2,0,0,0,3,0,0,0,0,0,0,1,1,0,0,0,0,0
2020-04-10T16:45:00,0,0,4,0,0,0,0,1,0,0,0,0,0,0,0,0,0,0,1
2020-04-10T16:50:00,1,0,2,0,0,1,0,4,0,0,0,0,0,0,1,0,0,0,0
2020-04-10T16:55:00,0,1,2,0,1,0,0,0,0,0,0,0,0,0,0,0,0,0,0
2020-04-10T17:00:00,1,3,0,0,0,0,0,0,2,0,0,0,0,1,0,0,0,0,1
2020-04-10T17:05:00,0,1,3,0,0,0,0,2,5,0,0,0,0,0,1,0,0,1,0
2020-04-10T17:10:00,0,2,0,0,0,2,0,1,0,0,1,0,0,0,0,1,0,0,0
2020-04-10T17:15:00,1,1,0,0,0,0,0,0,4,1,0,0,0,1,0,1,0,1,0
2020-04-10T17:20:00,2,3,0,0,0,0,0,0,3,2,1,0,1,1,0,0,0,0,0
2020-04-10T17:25:00,0,0,1,0,0,1,0,1,2,0,0,0,0,0,0,0,0,2,0
2020-04-10T17:30:00,0,0,0,0,1,0,0,1,0,0,0,0,0,0,3,1,0,0,0
2020-04-10T17:35:00,0,1,0,0,0,0,0,1,1,0,0,0,0,1,0,1,0,0,0
2020-04-10T17:40:00,1,1,2,0,0,1,0,1,1,1,1,0,0,0,1,0,0,1,0
2020-04-10T17:45:00,0,0,0,0,0,1,0,1,1,0,0,0,0,1,1,1,0,1,1
2020-04-10T17:50:00,0,1,0,0,0,0,0,1,1,0,0,0,0,1,2,0,0,0,0
2020-04-10T17:55:00,1,0,1,0,0,0,0,1,0,0,0,0,0,0,2,0,0,1,0
2020-04-10T18:00:00,0,1,0,0,0,1,0,1,1,1,0,0,0,0,1,1,0,0,2
2020-04-10T18:05:00,0,1,0,0,0,2,0,0,0,0,0,0,0,1,1,1,0,0,0
2020-04-10T18:10:00,0,1,1,0,0,1,0,0,1,0,0,0,1,1,1,0,0,0,0
2020-04-10T18:15:00,0,2,0,1,1,1,0,2,2,1,0,0,0,0,1,0,0,0,0
2020-04-10T18:20:00,2,2,0,0,1,1,0,1,0,0,0,0,0,0,0,1,0,0,0
2020-04-10T18:25:00,0,1,3,0,2,3,0,3,3,0,0,0,0,0,1,0,0,0,1
2020-04-10T18:30:00,0,1,0,0,0,1,0,1,1,0,0,0,0,0,0,2,0,0,0
2020-04-10T18:35:00,0,1,0,0,0,1,0,1,0,0,0,0,1,2,0,0,0,0,1
2020-04-10T18:40:00,0,0,1,0,0,1,0,2,3,1,0,0,0,0,0,0,0,0,3
2020-04-10T18:45:00,2,3,0,0,1,0,0,2,1,1,0,0,0,0,1,0,0,0,0
2020-04-10T18:50:00,0,0,0,0,0,1,0,0,1,0,0,0,0,0,0,0,0,0,0
2020-04-10T18:55:00,0,0,0,0,0,0,0,1,1,0,0,0,2,0,0,0,0,1,1
2020-04-10T19:00:00,0,1,1,0,1,1,0,0,2,0,1,14,0,0,0,1,11,0,0
2020-04-10T19:05:00,1,1,1,0,0,2,0,1,2,0,0,1,1,0,1,0,0,0,0
2020-04-10T19:10:00,1,0,0,0,2,2,0,1,0,1,0,1,0,0,2,2,0,0,0
2020-04-10T19:15:00,0,0,0,0,0,0,0,0,0,1,0,1,0,0,2,1,0,1,0
2020-04-10T19:20:00,1,0,2,0,0,0,0,3,0,0,0,0,0,0,2,0,1,0,0
2020-04-10T19:25:00,2,3,1,0,1,0,0,2,0,0,0,0,0,0,0,0,0,1,0
2020-04-10T19:30:00,1,2,0,0,0,1,0,1,0,0,0,0,0,4,2,1,0,0,0
2020-04-10T19:35:00,0,2,0,0,0,1,0,1,0,0,1,0,1,0,0,0,0,0,1
2020-04-10T19:40:00,1,5,1,0,0,1,1,2,1,1,0,0,0,0,2,1,1,0,1
2020-04-10T19:45:00,0,1,2,0,0,1,0,0,0,1,0,0,0,1,2,0,0,1,0
2020-04-10T19:50:00,0,1,0,0,0,0,0,1,2,0,0,0,0,0,1,1,0,0,0
2020-04-10T19:55:00,0,1,3,0,0,1,0,0,1,0,0,0,1,0,0,0,0,0,1
2020-04-10T20:00:00,0,4,1,0,0,1,0,0,1,0,0,1,1,0,0,0,0,0,0
2020-04-10T20:05:00,0,1,0,0,1,0,0,1,1,0,0,0,0,0,1,0,0,0,1
2020-04-10T20:10:00,0,1,1,0,0,0,0,0,2,0,2,1,0,0,1,0,0,0,0
2020-04-10T20:15:00,0,0,2,0,0,1,0,3,1,0,0,0,0,0,1,0,0,0,0
2020-04-10T20:20:00,0,2,2,0,0,3,0,0,0,0,1,0,0,0,1,2,0,0,1
2020-04-10T20:25:00,0,1,1,0,1,1,0,1,1,0,0,0,0,0,0,0,0,0,0
2020-04-10T20:30:00,0,0,0,0,0,2,0,1,1,0,0,0,0,0,0,0,0,0,0
2020-04-10T20:35:00,0,1,0,2,2,1,0,1,1,0,0,0,0,0,0,0,0,0,0
2020-04-10T20:40:00,0,0,0,0,1,0,0,0,0,0,1,0,0,0,0,1,0,0,0
2020-04-10T20:45:00,1,1,1,0,0,1,0,2,0,0,0,2,0,0,1,0,0,0,0
2020-04-10T20:50:00,0,1,1,0,0,0,0,1,1,0,0,2,0,0,1,0,0,1,0
2020-04-10T20:55:00,0,0,1,0,0,1,1,3,4,0,0,0,0,0,2,1,0,0,0
2020-04-10T21:00:00,0,3,0,0,1,1,0,1,0,1,0,0,0,0,1,0,0,1,0
2020-04-10T21:05:00,1,0,0,0,0,0,0,1,1,1,0,0,0,1,2,0,0,2,1
2020-04-10T21:10:00,1,1,1,0,0,1,0,2,0,1,0,0,0,0,0,0,1,2,0
2020-04-10T21:15:00,1,0,1,0,0,1,0,0,1,0,0,0,1,1,2,0,0,0,0
2020-04-10T21:20:00,1,0,1,0,1,1,0,1,0,0,0,0,0,0,1,0,0,0,0
2020-04-10T21:25:00,1,1,0,0,0,1,0,0,0,0,0,0,0,0,2,0,1,1,0
2020-04-10T21:30:00,0,1,1,0,0,2,0,3,0,1,0,0,0,0,0,0,0,0,0
2020-04-10T21:35:00,0,2,0,0,1,1,0,0,1,1,0,0,0,0,1,1,0,0,2
2020-04-10T21:40:00,0,0,1,0,0,0,0,0,2,0,0,1,0,0,0,1,0,0,0
2020-04-10T21:45:00,0,1,0,0,0,1,0,2,2,0,0,0,0,0,1,0,0,0,0
2020-04-10T21:50:00,1,1,0,0,0,0,0,1,0,0,1,0,0,0,1,0,0,0,0
2020-04-10T21:55:00,0,1,1,1,0,1,0,0,0,0,1,0,0,0,0,1,0,1,0
2020-04-10T22:00:00,0,3,2,0,0,0,0,0,2,0,0,0,0,0,2,1,0,2,0
2020-04-10T22:05:00,0,0,0,0,0,1,0,2,1,0,1,0,1,0,2,0,0,1,0
2020-04-10T22:10:00,0,0,1,0,0,0,0,0,3,0,0,0,0,0,2,0,0,1,0
2020-04-10T22:15:00,0,0,0,0,0,2,0,2,1,0,0,0,2,1,2,1,0,0,0
2020-04-10T22:20:00,0,1,0,0,0,1,0,1,1,0,0,0,0,1,0,1,0,0,1
2020-04-10T22:25:00,0,1,1,0,0,0,0,1,1,0,0,0,1,0,2,0,0,1,0
2020-04-10T22:30:00,0,1,1,1,0,1,0,0,0,0,0,0,0,0,1,0,0,1,0
2020-04-10T22:35:00,1,0,0,0,0,2,0,1,0,0,0,0,0,0,0,0,0,0,1
2020-04-10T22:40:00,0,0,0,0,1,0,0,0,0,0,0,0,1,0,1,0,1,0,0
2020-04-10T22:45:00,0,2,2,0,2,0,0,0,0,0,0,1,0,0,0,0,0,0,0
2020-04-10T22:50:00,1,2,1,0,1,2,0,0,2,0,0,0,0,0,0,0,0,0,0
2020-04-10T22:55:00,0,0,1,0,0,2,0,0,2,0,0,0,0,0,0,0,0,0,0
2020-04-10T23:00:00,0,0,0,0,1,0,0,4,1,0,0,0,0,0,1,0,0,0,0
2020-04-10T23:05:00,0,0,1,1,0,0,0,1,2,2,1,1,0,0,1,1,0,0,1
2020-04-10T23:10:00,0,0,0,0,1,0,0,0,2,0,0,0,1,2,0,0,0,1,0
2020-04-10T23:15:00,0,1,0,0,0,0,0,2,0,0,0,0,0,0,0,0,0,0,1
2020-04-10T23:20:00,0,0,1,0,0,1,0,0,0,0,0,0,0,1,2,1,0,0,0
2020-04-10T23:25:00,0,1,0,1,3,2,0,0,2,0,0,0,0,0,3,2,0,1,1
2020-04-10T23:30:00,0,2,1,0,0,2,0,0,1,0,0,0,0,0,1,0,0,1,0
2020-04-10T23:35:00,0,0,1,0,1,2,0,0,1,1,0,1,0,0,1,0,2,0,0
2020-04-10T23:40:00,0,1,0,0,1,1,0,0,1,0,0,0,0,0,0,0,0,0,0
2020-04-10T23:45:00,0,1,0,0,0,1,0,1,0,1,0,0,0,0,1,1,0,0,0
2020-04-10T23:50:00,1,0,2,0,0,0,0,0,1,0,0,0,0,0,1,1,1,0,0
2020-04-10T23:55:00,0,0,0,0,0,0,0,2,1,1,0,0,0,1,1,0,0,0,0
2020-04-11T00:00:00,0,2,0,0,0,1,0,0,0,0,0,0,1,0,1,0,0,1,0
